insert into department values('department1', 'CS');
insert into department values('department2', 'Elec');
insert into department values('department3', 'Mech');
insert into department values('department4', 'Chemical');
insert into department values('department5', 'Meta');
insert into program values('program1', 'Btech1');
insert into program values('program2', 'Btech2');
insert into program values('program3', 'Btech3');
insert into program values('program4', 'Btech4');
insert into program values('program5', 'Mtech1');
insert into program values('program6', 'Mtech2');
insert into password values ('student1', 'student@1', 'STUDENT');
insert into password values ('student2', 'student@2', 'STUDENT');
insert into password values ('student3', 'student@3', 'STUDENT');
insert into password values ('student4', 'student@4', 'STUDENT');
insert into password values ('student5', 'student@5', 'STUDENT');
insert into password values ('student6', 'student@6', 'STUDENT');
insert into password values ('student7', 'student@7', 'STUDENT');
insert into password values ('student8', 'student@8', 'STUDENT');
insert into password values ('student9', 'student@9', 'STUDENT');
insert into password values ('student10', 'student@10', 'STUDENT');
insert into password values ('student11', 'student@11', 'STUDENT');
insert into password values ('student12', 'student@12', 'STUDENT');
insert into password values ('student13', 'student@13', 'STUDENT');
insert into password values ('student14', 'student@14', 'STUDENT');
insert into password values ('student15', 'student@15', 'STUDENT');
insert into password values ('student16', 'student@16', 'STUDENT');
insert into password values ('student17', 'student@17', 'STUDENT');
insert into password values ('student18', 'student@18', 'STUDENT');
insert into password values ('student19', 'student@19', 'STUDENT');
insert into password values ('student20', 'student@20', 'STUDENT');
insert into student values('student1', 'name_student1', 'department2', 'program2','7','registered');
insert into student values('student2', 'name_student2', 'department3', 'program3','8','registered');
insert into student values('student3', 'name_student3', 'department4', 'program4','9','registered');
insert into student values('student4', 'name_student4', 'department5', 'program5','10','registered');
insert into student values('student5', 'name_student5', 'department1', 'program6','6','registered');
insert into student values('student6', 'name_student6', 'department2', 'program1','7','registered');
insert into student values('student7', 'name_student7', 'department3', 'program2','8','registered');
insert into student values('student8', 'name_student8', 'department4', 'program3','9','registered');
insert into student values('student9', 'name_student9', 'department5', 'program4','10','registered');
insert into student values('student10', 'name_student10', 'department1', 'program5','6','registered');
insert into student values('student11', 'name_student11', 'department2', 'program6','7','registered');
insert into student values('student12', 'name_student12', 'department3', 'program1','8','registered');
insert into student values('student13', 'name_student13', 'department4', 'program2','9','registered');
insert into student values('student14', 'name_student14', 'department5', 'program3','10','registered');
insert into student values('student15', 'name_student15', 'department1', 'program4','6','registered');
insert into student values('student16', 'name_student16', 'department2', 'program5','7','registered');
insert into student values('student17', 'name_student17', 'department3', 'program6','8','registered');
insert into student values('student18', 'name_student18', 'department4', 'program1','9','registered');
insert into student values('student19', 'name_student19', 'department5', 'program2','10','registered');
insert into student values('student20', 'name_student20', 'department1', 'program3','6','registered');
insert into password values ('coordinator1', 'coordinator@1', 'COORDINATOR');
insert into password values ('coordinator2', 'coordinator@2', 'COORDINATOR');
insert into password values ('coordinator3', 'coordinator@3', 'COORDINATOR');
insert into password values ('coordinator4', 'coordinator@4', 'COORDINATOR');
insert into password values ('coordinator5', 'coordinator@5', 'COORDINATOR');
insert into password values ('coordinator6', 'coordinator@6', 'COORDINATOR');
insert into password values ('coordinator7', 'coordinator@7', 'COORDINATOR');
insert into password values ('coordinator8', 'coordinator@8', 'COORDINATOR');
insert into password values ('coordinator9', 'coordinator@9', 'COORDINATOR');
insert into password values ('coordinator10', 'coordinator@10', 'COORDINATOR');
insert into ic values('coordinator1', 'name_coordinator1');
insert into ic values('coordinator2', 'name_coordinator2');
insert into ic values('coordinator3', 'name_coordinator3');
insert into ic values('coordinator4', 'name_coordinator4');
insert into ic values('coordinator5', 'name_coordinator5');
insert into ic values('coordinator6', 'name_coordinator6');
insert into ic values('coordinator7', 'name_coordinator7');
insert into ic values('coordinator8', 'name_coordinator8');
insert into ic values('coordinator9', 'name_coordinator9');
insert into ic values('coordinator10', 'name_coordinator10');
