--
-- PostgreSQL database dump
--

-- Dumped from database version 9.6.3
-- Dumped by pg_dump version 9.6.3

SET statement_timeout = 0;
SET lock_timeout = 0;
SET idle_in_transaction_session_timeout = 0;
SET client_encoding = 'UTF8';
SET standard_conforming_strings = on;
SET check_function_bodies = false;
SET client_min_messages = warning;
SET row_security = off;

--
-- Name: postgres; Type: COMMENT; Schema: -; Owner: -
--

COMMENT ON DATABASE postgres IS 'default administrative connection database';


--
-- Name: plpgsql; Type: EXTENSION; Schema: -; Owner: -
--

CREATE EXTENSION IF NOT EXISTS plpgsql WITH SCHEMA pg_catalog;


--
-- Name: EXTENSION plpgsql; Type: COMMENT; Schema: -; Owner: -
--

COMMENT ON EXTENSION plpgsql IS 'PL/pgSQL procedural language';


--
-- Name: adminpack; Type: EXTENSION; Schema: -; Owner: -
--

CREATE EXTENSION IF NOT EXISTS adminpack WITH SCHEMA pg_catalog;


--
-- Name: EXTENSION adminpack; Type: COMMENT; Schema: -; Owner: -
--

COMMENT ON EXTENSION adminpack IS 'administrative functions for PostgreSQL';


SET search_path = public, pg_catalog;

--
-- Name: address; Type: TYPE; Schema: public; Owner: -
--

CREATE TYPE address AS (
	state character varying(15),
	city character varying(20),
	pin character varying(6),
	locality character varying(30),
	country character varying(15)
);


--
-- Name: details; Type: TYPE; Schema: public; Owner: -
--

CREATE TYPE details AS (
	university character varying(30),
	institute character varying(30),
	year character varying(20),
	cpi character varying(20)
);


SET default_tablespace = '';

SET default_with_oids = false;

--
-- Name: company; Type: TABLE; Schema: public; Owner: -
--

CREATE TABLE company (
    cid character varying(20) NOT NULL,
    name character varying(20) NOT NULL,
    contact character varying(20),
    email character varying(20),
    rep character varying(30),
    stage character varying(20)
);


--
-- Name: company_id_sequence; Type: SEQUENCE; Schema: public; Owner: -
--

CREATE SEQUENCE company_id_sequence
    START WITH 1
    INCREMENT BY 1
    NO MINVALUE
    NO MAXVALUE
    CACHE 1;


--
-- Name: department; Type: TABLE; Schema: public; Owner: -
--

CREATE TABLE department (
    did character varying(20) NOT NULL,
    name character varying(20) NOT NULL
);


--
-- Name: eligibility; Type: TABLE; Schema: public; Owner: -
--

CREATE TABLE eligibility (
    jid character varying(20) NOT NULL,
    cid character varying(20) NOT NULL,
    cpicutoff character varying(20),
    deptid character varying(20) NOT NULL,
    programid character varying(20) NOT NULL
);


--
-- Name: ic; Type: TABLE; Schema: public; Owner: -
--

CREATE TABLE ic (
    ic_id character varying(20) NOT NULL,
    name character varying(20) NOT NULL,
    phone_number character varying(30) DEFAULT NULL::character varying
);


--
-- Name: ic_company; Type: TABLE; Schema: public; Owner: -
--

CREATE TABLE ic_company (
    ic_id character varying(20) NOT NULL,
    cid character varying(20) NOT NULL
);


--
-- Name: ic_student; Type: TABLE; Schema: public; Owner: -
--

CREATE TABLE ic_student (
    ic_id character varying(20) NOT NULL,
    sid character varying(20) NOT NULL
);


--
-- Name: job_id_sequence; Type: SEQUENCE; Schema: public; Owner: -
--

CREATE SEQUENCE job_id_sequence
    START WITH 1
    INCREMENT BY 1
    NO MINVALUE
    NO MAXVALUE
    CACHE 1;


--
-- Name: jobs; Type: TABLE; Schema: public; Owner: -
--

CREATE TABLE jobs (
    jid character varying(20) NOT NULL,
    cid character varying(20) NOT NULL,
    jname character varying(100),
    salary character varying(20),
    location character varying(30),
    description character varying(300),
    company_deadline date,
    jaf_deadline date,
    stage character varying(20)
);


--
-- Name: password; Type: TABLE; Schema: public; Owner: -
--

CREATE TABLE password (
    id character varying(20) NOT NULL,
    password character varying(20) NOT NULL,
    role character varying(20) NOT NULL
);


--
-- Name: program; Type: TABLE; Schema: public; Owner: -
--

CREATE TABLE program (
    pid character varying(20) NOT NULL,
    name character varying(20) NOT NULL
);


--
-- Name: resume; Type: TABLE; Schema: public; Owner: -
--

CREATE TABLE resume (
    rtype character varying(20) NOT NULL,
    sid character varying(20) NOT NULL,
    resume bytea,
    proofs bytea
);


--
-- Name: resume_deadline; Type: TABLE; Schema: public; Owner: -
--

CREATE TABLE resume_deadline (
    deadline date NOT NULL
);


--
-- Name: student; Type: TABLE; Schema: public; Owner: -
--

CREATE TABLE student (
    sid character varying(20) NOT NULL,
    name character varying(200) NOT NULL,
    did character varying(20),
    pid character varying(20),
    cpi character varying(20) NOT NULL,
    stage character varying(20)
);


--
-- Name: student_jaf; Type: TABLE; Schema: public; Owner: -
--

CREATE TABLE student_jaf (
    sid character varying(20) NOT NULL,
    jid character varying(20) NOT NULL
);


--
-- Name: studentdetails; Type: TABLE; Schema: public; Owner: -
--

CREATE TABLE studentdetails (
    sid character varying(20) NOT NULL,
    univemail character varying(30),
    peremail character varying(30),
    dob date,
    sex character varying(20),
    category character varying(20),
    nationality character varying(15),
    hosteladdress character varying(15),
    contact1 character varying(15),
    contact2 character varying(15),
    skypeid character varying(20),
    homeaddress address,
    detail12th details,
    detail10th details,
    others details
);


--
-- Data for Name: company; Type: TABLE DATA; Schema: public; Owner: -
--

COPY company (cid, name, contact, email, rep, stage) FROM stdin;
company1	name_company1	1234322	jam@gmail.com	\N	\N
company2	name_company2	1234322	jam@gmail.com	\N	\N
company3	name_company3	1234322	jam@gmail.com	\N	\N
company4	name_company4	1234322	jam@gmail.com	\N	\N
company5	name_company5	1234322	jam@gmail.com	\N	\N
company6	name_company6	1234322	jam@gmail.com	\N	\N
company7	name_company7	1234322	jam@gmail.com	\N	\N
company8	name_company8	1234322	jam@gmail.com	\N	\N
company9	name_company9	1234322	jam@gmail.com	\N	\N
company10	name_company10	1234322	jam@gmail.com	\N	\N
shra	TTTT	9960	shra@gmail.com	shraddheya	registered
shraddheya	shraddheya	9960270265	shra@gmail.com	shraddheya	registered
\.


--
-- Name: company_id_sequence; Type: SEQUENCE SET; Schema: public; Owner: -
--

SELECT pg_catalog.setval('company_id_sequence', 5, true);


--
-- Data for Name: department; Type: TABLE DATA; Schema: public; Owner: -
--

COPY department (did, name) FROM stdin;
department1	CS
department2	Elec
department3	Mech
department4	Chemical
department5	Meta
\.


--
-- Data for Name: eligibility; Type: TABLE DATA; Schema: public; Owner: -
--

COPY eligibility (jid, cid, cpicutoff, deptid, programid) FROM stdin;
3	shraddheya	7	department1	program1
4	shraddheya	5	department1	program1
5	shraddheya	8	department1	program1
6	shraddheya	1	department1	program1
7	shraddheya	\N	department1	program1
8	shraddheya	5	department5	program5
9	shraddheya	2	all	all
\.


--
-- Data for Name: ic; Type: TABLE DATA; Schema: public; Owner: -
--

COPY ic (ic_id, name, phone_number) FROM stdin;
coordinator1	name_coordinator1	\N
coordinator2	name_coordinator2	\N
coordinator3	name_coordinator3	\N
coordinator4	name_coordinator4	\N
coordinator5	name_coordinator5	\N
coordinator6	name_coordinator6	\N
coordinator7	name_coordinator7	\N
coordinator8	name_coordinator8	\N
coordinator9	name_coordinator9	\N
coordinator10	name_coordinator10	\N
\.


--
-- Data for Name: ic_company; Type: TABLE DATA; Schema: public; Owner: -
--

COPY ic_company (ic_id, cid) FROM stdin;
coordinator1	shra
coordinator3	shraddheya
\.


--
-- Data for Name: ic_student; Type: TABLE DATA; Schema: public; Owner: -
--

COPY ic_student (ic_id, sid) FROM stdin;
coordinator1	student1
\.


--
-- Name: job_id_sequence; Type: SEQUENCE SET; Schema: public; Owner: -
--

SELECT pg_catalog.setval('job_id_sequence', 9, true);


--
-- Data for Name: jobs; Type: TABLE DATA; Schema: public; Owner: -
--

COPY jobs (jid, cid, jname, salary, location, description, company_deadline, jaf_deadline, stage) FROM stdin;
6	shraddheya	asdf	1234 INR	qwe	fff	2017-11-22	\N	registered
3	shraddheya	qwe	123 INR	asd	ddd	2017-11-30	2017-11-29	icapproved
2	shraddheya	qwe	123 INR	asd	ddddddddddddddddddddddddddddddddddddd	2017-11-30	2017-11-28	displayjafs
8	shraddheya	thirdjob	35 INR	pakistan	This is my third job	2017-12-20	\N	registered
7	shraddheya	secondjob	32245 INR	india	THis is my scond job	2017-12-21	2017-08-24	icapproved
9	shraddheya	fourthjob	54 INR	china	This is my fourth job	2017-12-22	2018-03-15	displayjafs
4	shraddheya	fsdyGCYSGU	5616 INR	svCszfbv	fuvl	2017-11-22	2017-11-28	displayjafs
5	shraddheya	qwer	1234 INR	asdf	fff	2017-11-29	2018-01-17	displayjafs
\.


--
-- Data for Name: password; Type: TABLE DATA; Schema: public; Owner: -
--

COPY password (id, password, role) FROM stdin;
student1	student@1	STUDENT
student2	student@2	STUDENT
student3	student@3	STUDENT
student4	student@4	STUDENT
student5	student@5	STUDENT
student6	student@6	STUDENT
student7	student@7	STUDENT
student8	student@8	STUDENT
student9	student@9	STUDENT
student10	student@10	STUDENT
student11	student@11	STUDENT
student12	student@12	STUDENT
student13	student@13	STUDENT
student14	student@14	STUDENT
student15	student@15	STUDENT
student16	student@16	STUDENT
student17	student@17	STUDENT
student18	student@18	STUDENT
student19	student@19	STUDENT
student20	student@20	STUDENT
coordinator1	coordinator@1	COORDINATOR
coordinator2	coordinator@2	COORDINATOR
coordinator3	coordinator@3	COORDINATOR
coordinator4	coordinator@4	COORDINATOR
coordinator5	coordinator@5	COORDINATOR
coordinator6	coordinator@6	COORDINATOR
coordinator7	coordinator@7	COORDINATOR
coordinator8	coordinator@8	COORDINATOR
coordinator9	coordinator@9	COORDINATOR
coordinator10	coordinator@10	COORDINATOR
shra	qwerty	COMPANY
shraddheya	123	COMPANY
\.


--
-- Data for Name: program; Type: TABLE DATA; Schema: public; Owner: -
--

COPY program (pid, name) FROM stdin;
program1	Btech1
program2	Btech2
program3	Btech3
program4	Btech4
program5	Mtech1
program6	Mtech2
\.


--
-- Data for Name: resume; Type: TABLE DATA; Schema: public; Owner: -
--

COPY resume (rtype, sid, resume, proofs) FROM stdin;
0	student1	\\x255044462d312e340a25e2e3cfd30a312030206f626a203c3c2f547970652f584f626a6563742f436f6c6f7253706163652f4465766963655247422f537562747970652f496d6167652f42697473506572436f6d706f6e656e7420382f5769647468203232322f4c656e6774682031323138382f486569676874203231362f46696c7465722f4443544465636f64653e3e73747265616d0affd8ffe000104a46494600010101009600960000ffdb0043000a07070807060a0808080b0a0a0b0e18100e0d0d0e1d15161118231f2524221f2221262b372f26293429212230413134393b3e3e3e252e4449433c48373d3e3bffdb0043010a0b0b0e0d0e1c10101c3b2822283b3b3b3b3b3b3b3b3b3b3b3b3b3b3b3b3b3b3b3b3b3b3b3b3b3b3b3b3b3b3b3b3b3b3b3b3b3b3b3b3b3b3b3b3b3b3b3b3b3bffc000110800d800de03012200021101031101ffc4001f0000010501010101010100000000000000000102030405060708090a0bffc400b5100002010303020403050504040000017d01020300041105122131410613516107227114328191a1082342b1c11552d1f02433627282090a161718191a25262728292a3435363738393a434445464748494a535455565758595a636465666768696a737475767778797a838485868788898a92939495969798999aa2a3a4a5a6a7a8a9aab2b3b4b5b6b7b8b9bac2c3c4c5c6c7c8c9cad2d3d4d5d6d7d8d9dae1e2e3e4e5e6e7e8e9eaf1f2f3f4f5f6f7f8f9faffc4001f0100030101010101010101010000000000000102030405060708090a0bffc400b51100020102040403040705040400010277000102031104052131061241510761711322328108144291a1b1c109233352f0156272d10a162434e125f11718191a262728292a35363738393a434445464748494a535455565758595a636465666768696a737475767778797a82838485868788898a92939495969798999aa2a3a4a5a6a7a8a9aab2b3b4b5b6b7b8b9bac2c3c4c5c6c7c8c9cad2d3d4d5d6d7d8d9dae2e3e4e5e6e7e8e9eaf2f3f4f5f6f7f8f9faffda000c03010002110311003f00f66a28a2800a28a2800a28a2800a28a6bbac685dd82aa8c9627000a007515c0788fe2ee87a4335b698a755ba076fee8e2307fdeeff00866ae780be20c3e2d8e4b5bb8d2d7538725a15270eb9eab9e78e84500767451450073be37f15af83f431a87d9c5c48f2ac51c45f6e49c927383d0035c2afc57f175c287b6f081646e5488e56047d40a77c5791f5bf17685e1984e77306703b176c7e8a09fc6bd5e28d2189228c6d4450aa3d00a433c9cfc55f17c5ccfe0f603feb9cc3fa56df843e283f88f5f4d1af34836333a332b1949e40ce36900f4cd7a05791fc40ff008a7fe29e87ae8f9639f6090faed3b5bff1d61401eb9451453105155752d4acf48b096fefe7582de15dceedfe793ed5c3e8ff00197c3fa85e3dbdec5369c37911cb27cc8c3b16c7dd3fa7bd007a15151c1710dd40b3dbcc9344e32af1b06561ec4549400514514005145140051451400514514005145140051451401cf78b7c67a6783ecd25bddf24f303e4dbc63e6931d79e807239af394b7f1afc5497cc9dff00b2f442785e4230f61d643ee78aea3e3168dfda3e1017c8b9974f94499ff61be56fe87f0adff02eb035cf0769d78483208845281d9d7e53fcb3f8d2190f86be1fe81e18557b6b513dd81cdd4e033e7dbb2fe15cafc44f055d59de0f17f86b743796ede6dc4710e4e3ab81dfdc771f8d7a8525311e7fa4fc60d025d063bad525682f97e596da38cb163fde5ed83ee6b2aebe361b890c3a2787e7b97cf0656e4ffc0541fe75d48f863e121aa4fa8c9a7091a56dfe53b9f290f7c2f4fceb41b59f0d68122d92cb6b69f2a9d90c585556fba58a8c283ea78a43381f06699afebff119bc51af6952d9a2445937c65577602285cf3d0935eb75cf6a3e33b1b0b0176209e65178f6ae8aa3726ccef7c7f740527e955eff00c6f158ea977626d3261680432f99f24e242bbb1c70543671dc034c47535c0fc5cf0f5e6b9e1fb5974fb596e6e6d67cf9712e5b630c1c0fa815b7e20f161d0aea684583dd18a08a50a8f8672f2ecda063f1a6b78dec7198ada7b8df72608043b499b11ac848c903a374ce49e9401c459fc60d474848ed7c41e1c9a331a8432296463818ce1875fc6baab0f8ade11beb7795afdad5914b18ae232ac71d863209fa1ad697c45e1fba920b1bd9511ee915e386ee12a1c30181f30c13c804763591aafc2ef096b4be74569f6477e44b66fb41fc395fd290ce259f5af8c1e20d89e65968168fc9f4ff001723f01fcfd02f7e1c785af7498b4e6d312358136c7345f2cabefbbbfe39addd2f4bb2d174e8ac34f8161b78461547f33ea4fad5ca623c6eebc2de31f8713bdff872edf50d341dd241b73c7fb51f7ff7979aed3c19f11b4cf1605b571f63d480e6ddce43e3a943dfe9d6baf660aa598e001924f6af22f86b026bdf1175af1088956184bf941570017240ff00c741fce90cf5ea28a298828a28a0028a28a0028a28a0028a2b84f895e386f0ed9ae97a636ed5af06176f26153c6ec7f78f403f1a00eee8af17b5d57e23780ade29751b49350d3994332cac65f2f3d8b0f994fd722bb0d27e2df86351b179ae677b09a242cd04c325b1d948e1bf9d03b1d3ebe74f1a0deaea9324366f0b24aee78008c7e75e71f043529366a9a4fcef0c6cb34726d3b727e523d89c038fad677fc4f7e306b8797b1d06d5ff0001ff00c5391f80fe7dd6a373a6781b49b6d2b498440e58142df2c59fef4d21070091f53d05203a3d4b52b4d2ed0cf7770b029f95491b8b37601472c7d8564783bc44dae59ca92abf996c4299642034feae140e173c7e63b57256f61af6bd7f67af584a2e2e6251e69bb3b3c89413e64453aaa15200c039ce4d759a4f84934ad6175086e2348d51e34b648028446c1dbbb3938da3afa700531195ae47ad4be295b682eee94473c73c0d1ae54432298dd597a30570ac41e70c6a2b1f086bff00d9ed692cb656cb35ac96171f7a40610ec63641c7215d873d38abde23f89de1cf0f1787ed06fae97830db61b07fda6e83f9d723ff0009c7c41f16311e1dd17ec76ec7026d99ff00c7df0bf90a433b9ff84174a96626eda5ba844cf2ac0e70819d150e71c9e17ff1e34f3e16f0ec369f64b8c3a66120cf39dc0c5c21073c6071f4ae107c37f1d6b203eb5e283103d63133be3f0185a9d3e065bb0cdc7886e1dbbed800fe64d0077f71a6e8da96a097af224970be5e0a4dff003cd8baf00fa9acebaf02d93d8bd9d8dcc96b0cb2c924913a2cd1b17c67e56e84606d23915c937c0bb303f75afdca9f7814ff00222a03f0afc5ba512fa2f8adb23a299248b3f9122803b6bfd02fa313dc594a27961d2bec566b2b7cc1c9e5d98f7384fcab227b01e1fbab9be8cde5ad9e8da7c280452154bc9474041e08c055ff00811ae74f887e28784b9d574e1a9daa757d81f8ff0079391f88adfd1be2b7867c4311b1d5a3fb03ca363c7738689f3db774fcc0a00dc8bc4ef631cd16a90b48fa7dac526a1716eb948e47e4a85eb803e627d315bb657b6ba8da25d595c473c120cac91b641ac793c2fa6cda7416561b20d3dae16e278e2f985c81c805b3d090bf5031589a143aadef8a6eaea69a4b19164cbda292be54609daa5082b207196dea720934c46bf8fb553a3782752ba53891a2f2a33fed3fcbfd73581f0620b38bc2123c33c725c4b70cd3a29f9a3c70a08fa0cfe35d645ace85adcd3e949756f76d865921232ae070c06786c77c6715e67e25f09ea9f0ef54ff00849bc2aee6c41fdfdb9cb796bdc30fe24f7ea3f5a433d8a8ae6342f1fe85ac68035596f61b2d9f2cf14f200636f4f71e8475ae775bf8cfa55b39b7d12ce6d4a7270ae414427dbf88fe54c47a4d15e7fe01f8893f88351b8d235c852d351562d0a0528197ba60f3b875f71f4af40a0028a28a0028a28a00cbf11ebb6de1bd0ee754bae5615f9133cbb9fbaa3ea6bcefe1a787ee7c43ac4fe36d7479aef2936aac382dd0b01e8bd07d3daa3f8d526a2d75a6453c322e8ca7734919cee909e41f4217a67d4d7a4f872eb4abbd02ce4d15d5ac56209105fe10063047623bd219a4402304641ae3fc41f0bfc37af49e7fd9dac6e0b65a4b5c2eef5caf4fc7ad76359bae6b10e8ba7fda241ba491c450c79037c87a0c92076f5a6231759d4acfc23a28d2b47105a3430eef324198ed5338deff00de627803ab1fc6ae693245e24d0c596b7a737da2dc20b982e50302f8c87047041ea08e9f8572de1fb7b9d4b546923267b89764d737ad16629c37cc619a327e5651f70af418f5e7b0f13f89b4ff0009e8ed7d7873fc30c2bf7a56eca3fc7b50331a630784f50bdf13ebb7d1daace9e5fd9a195a4f39b8c1c1c6580000000c64e49ae2e7d6fc61f146ee4b3d1a36d3747076c92162a08ff6d87de3fecafe34ba0f86f57f89bab7fc243e2491e2d314e20854901c67eea7a2fab7535ebd67676da7da476b670241044bb5238d7014520391f0cfc2cf0fe80a934f08d46f073e6dc282aa7fd94e83f1c9aed000a02a8000e001da8ae06d3e25df13773df785ae92c6cae1a0b8b8b7944a6165ea59700e3de988ebdf5ed222d40e9f26a76b1ddae3303caaafc8c8e0d4fa85fdb697613df5e4a22b7810bc8e7b015e79a769ba178f3c71e21ba9e18afec05adbc71483b12b9dca7a83c552b3d0f57b8f149f025f5ebde68762eb7a5a439768bf82263e9bbb7b5219df7857c5363e2dd27edf65b936b9492173f3467dfea39ad89258e200c922a67a6e38af3df17c57de0fd721d67c39042bfdae0594f13fcb1094ff00ab908e99ea2b0bc6be10b7d2b4ed36e359d4a6bfd4efefe38ee2f279488e24e4b055e805303d841c8c8ae67c47f0fbc3de25567b8b316f747a5cdb808f9f7ecdf8d67ffc2d1d045e5b59d85a5fdd452ccb6f14f0c1889989c00a588cd76f408f1892d7c65f0a66f3ade4fed3d1377cca725147b8eb19f71c57a2f873c57a4f8d74b97ec53345318cacd0138922c8c67dc7a115d03a2c88c8ea1958619586411e95e53e30f005e7876f3fe128f06b3c0f012f2dac7ced1dca8eebeabf95219af7d63afe889a6c30410de49a7c2e9611d9c0c07dddad2ca4f190a78407e6635d5e8f777175a7c716ac20334ca4211f28b94c03bbcb3caf07953d0d65f817c716be30d38e42c3a84007da2007ff001e5f553fa553f16b79376350d675092da2b562da65b69ebba791c2e59db239c0c8dbf771c934c465cff05347b8d726bbfb6cd1583b6e4b489402a7b8dc73c7a715d968be13d0bc3c80699a6c30bf7948dd21fab1e6a5d0b591acd9b48d01b6b889b6cd0160db49190430e181041047ad69d00798fc55f0bcd1345e30d1f315ed9b2b5c18fa903a3fd4743edf4aec7c1de2687c55e1e83504c2cc3e4b88c7f0483afe07a8f635b52c71cd13c52a078dd4ab2b0c820f506bc63c137c9e1bf8a177a26932b5f69977218ff7596098e437fc079527d290cf6aa28a298828a28a00aba969b69abd84d617d02cd6f32ed746ff003c1f7af2065d63e10788f72f9979a05e3f3eff00e0e07e63f4f69af29f8bd7f3ea9aae93e13b23992e24592403d58ed4cfd3e6340d1e97a7ea56dabe9916a1a7cab3433a6e8dba03ec7d39e0d703aa5c9f14eb621fed182cae217f2ecd27deb1ce9f76564231bf73029ea02e4726bb58f4c834fd021d16d2e7ec63c9fb3c322e3703b7a807ab75359ba4782adf48bd9258eed9ed99c3ad99853cb1b47cbd41391d7208e79a046859c567e18f0e96b84b4b486d90c931b68ca463d480493e9d4e6bcbb49b2bcf8b1e309755d455e3d16c9b6a459ea3a841ee7ab1fc3d2b4be2aeb175abead63e0bd2cee967756b800f527eea9f603e63f857a1f87f43b5f0ee896da5da0f9215f99b1cbb7763ee4d2197e28a38224862458e3450aa8a30140e800a259238632f2c8b1a0eacc7007e34fae27e227876e35386df55406fa0d37324da539223b85fe2231fc4074fa7e6c46459695a8c9e2bbfd3e2f186a42e593ed5a7dc09c4b0c91e70c8c9d09538e98e0d697c3c17dfdabe288b558e24bafb6219962e5198a72c33d9b19fc6b3a5d1b41f0fdce83e33f0ec66daca79922b88d5894f2a51b7760f420919aded23fd03e266bb68fc0d42da0bb8b3fc5b4146c7e38a432a7c31b3b7823f105c5ac4b1432eab2a468bd15538007e66acf81717da8788b5b6e5aeb5168109ff009e7100aa3f9d45f0ddd6de3d77497e27b3d5662cbfecb9ca9fc7069df0c1b6f87efaddbfd641a9dc238ee0eecff5a00bbf112cfed9e05d4f1feb208c4f19feeb210d9fd2b9ef1e98759d0fc27737282482eafadccaa7a32baf22ba9f1cceb6de07d66573c7d91d7f12303f535caebf037fc231e07d308fdf3de5a71dfe54e7f2a00b1e378ef13c47e16d3742b4b669a079678a190ec8936a8009c7619278a769f7fe32ff0084e22d1e7d5ac2ee286213dfac569b161527e5507392c7b55e0c97bf15a59091e5e93a58563d95e46cff00e822b8fb4d326d4ad35af1a6adad5e69da3dcccf32416726c9275525532dfa01401ec14570df0df43d76c6d1b50d5352baf22ec6e834f9e43218949ca9663ceec761f8d7734c479178f3c3775e0dd6e2f1978707951093373128f9509ebc7f71ba11d8d779a75e69fe36d06c755b6678de3712294237c320e190fb119047706b6eeed60beb496d2e635961990a488dd181e0d792784e79fe1efc45b8f0cddc84e9f7ec3c976e993feadbf1fba7dfe948674fa1dfdf4505b5f9d4638a086630dfe9e634861b08f6b606480d952073939cf4c5770aeae81d5832b0c820f04571de3dd3a1db06a2c23332c88239aeee0f916e54e41f2867796e4600c9f6ad7f0aeaff00db1a5c85a49676825689e692d4c0b211d76a9e70338e79e2988e1fc77e38bbd6750ff8447c27ba69e66f2ee2788f5f5453d87f79ababf037822cfc1fa6e3e59afe603ed1718ffc757d147ebd6b86f0cc69e09f8bf75a4488ab6d7f948188e81be64c1fae56bd8a90c28a28a620ac1d47c71e18d2ae24b7bdd6ada29a23b5e30c5994fa10335b8ec1119d8e028c935e29f0f7c31a6f8db58d6f53d66169e3136e451215cb3b3139c7b62803b4b9f8c3e11b7cecb8b9b8c7fcf2b73cff00df58ae5bc1370be33f8b17de202ade45b217895faaf1b101f7c64d7a05b7c3ff00095a1062d06d091de44dff00fa166b4655d37c3f6324f059c50270a23b788299189c2a803a924803eb48679a6ba26b0f10793a8ac52ddc28f31bf5966013731dacc5794c280a00f946fe6bd0f4cbafb0785d750bdbd92e63480dc3492b2b32aedddb772801b1eb8e6b8bb2925d67c49746eac2cee6f0dd3c8b6e659a26f2d36a1c38529226631c1e320d6b7c5bd4ce9fe059e243b5ef244807d3ab7e8a47e3401ce7c29b2975ef11eabe2fbe5dce6429167b3372d8fa2e07e35eb55ccfc3bd2c693e07d3612bb649a3f3e4f72ff37f2207e15d353105275a5a28038086c2daddf56f016a2fe4db5f6f9b4b91ba1563928bfed23f38f4aa86e351bf168842c1e30f0f67f7121c2dfc38c36d3dc3019f635d378edb468fc3acfac597db7e70b6d0a1224798f0a108e41f715cb59fc2ed4b54b4b697c45e22bef363f9a28227dc6df3fc2246c924521849aaa9d7478bfc36866b83188758d19cecb8c0fe20a7ab2feb8fad47a278cf40d2fc6579343a820d335b22561202ad6b703860e0f40debd3351f8cbe1fe8fa6e9326af7fabead797518115b87950bcb21e1573b7279fd335a5e17f84ba35969f1cdaedb8d42fe45dd20763e5c64f60075fa9a007f8db5dd335db8b5f0cdbea36fe4bc8b71a8ce255d914087711bb38c938e2a95d789ac2ef5d8fc4d73b8697a62343a4db81fbdbe99b82e89d76f606b635af851e16d4ec9a3b4b14d3a703f7735be460fbaf422b84f0d7c35fed4babeb69b5ab9d3f57d2e6f2a4088186d23e4653907045006fda45a8cf0dce890b8ff84835e90cfab4c9c8d3e03c0427fbdb7e503d49ad6fb2daf88b59b2f0ee9e81b41d036b5cb0e5259946122cf7c756ac4baf056b3e15d3096d567bfd11097beb7b1416f3baf772c325f1dc641c57a368506976fa2daae8b1c4960d18787ca1c1079cfb9faf3401a145145310579c7c64d08dd68506b96e08b8d3a401997af96c7fa360fe26bd1ea9eafa7c7aae8f79a7ca015b985a339f718cd0064687a93f8afc0b05e45746dae67b72ad3a28668a41f2b301eb9048ac4f09cb3e93fd9d34b149258ea7882d649af0bca060b2931001141c12719233c93cd667c13bf75b2d574698e1ed6712053db3f2b7eabfad6d69fa0ccfe25bfb8b18f4fd2c5add796196d9a495d582b92a59b6a060dced1eb486617c68b27b59347f10dbfcb2dbcbe5161ebf7d3f50df9d6fd8fc59f08dd469e6ea0f6ce40dc2585c007ea01aeb6f6c2cf52b736f7d6b0dcc24e7cb95032e7d706b9ebaf86be0fbaceed1208c9ef13327f234c0d0b3f17f86f50216d75cb1919ba2f9ca09fc0d6cd7897c4cf00693e16d26db52d216742d702375924de07048c67a722bd8748bbfb7e8f65799cf9f6e927e6a0d0223d7e636fe1dd4a61d63b49587e0a6b85f821004f0b5ecfde4bc23f245ff001aedbc4b04d75e17d52dede3692696d254445192c4a9c015e45e0bf1e9f0158be8dace8b7681a73217c6d71900636b633d3d690cf71ac9f121b23a62c7786e419264107d941329941dcbb7df23bf1eb59da47c46f0aeb3b560d5638656ff0096573fba6fd783f81ae8cbabc264460ca5720a9c83f4a62382f084da92c3a78136ae914cc5dc4d671cb0b0662c7122fcca0e7bf73595f1ba5331d0f4e53feb657623fef951fccd4fe09d26f64bbd2ee5b4310c501de6f518a2ca850e32bbbe63929ce31f7aaa7c5ae7c67e1a56fbbb87fe8c5a433d5ade15b7b68a041858d0201ec062a4a28a620a28a2803ca7c59ab6afa078fa3d4757b34d434f8519f4c53288638db1f376399319033f85694ff107c46e5e3b7f0ddb40eac54b5c5e6e008758cf0a39c33ad7797d6169a9da3da5f5b477103fde8e450c0d7252fc2bd099dbc8bcd52d626cfee61bb3b0648240c827a807af6148679af8af55d5e79edf52d5f588e5bc825496d6ca25db129123ab71ec631c9ecd5e8d1fc57d163b3dfa8da6a169769912dbfd999b0c38601870403df22af59fc34f09da412c674c170d3295796e1cc8e73d4827a1f715c6f897c2da9f8434f6163a8477f6575beca0b7b85226569d949c30fbc7283afbd007516ff1534092dd9e7b7d46de74ceeb77b472e30327a71d39ebd2b8ed23c752597c40d675bd4349bb8ed67863495235dcd6e9f284661eff00fb355ab3b3f1478a355d52086dec2c7ecf7928b996495a555692111322e07cd8519fa9add7f857125bc72da6bb790ea385f3ee58075b82a432ee43c60151819ec280376d3c7de12bf8b747aed9a8239599fcb23d886c5718de2d4f0beb11e95e13b8b6d76d2fa6261b052dbad589e42b8041427271db9a9dbe18eb734e0cfaae944039f37fb3f2f9f30be704e339247d38aeabc2fe08d37c3389d1e4bcbed8233753e0b051fc2a3a28f61401d126e28a5c00d8e403900d3a8a298828a28a00f25f05ff00c4b3e336bd60bc24c25207fc095c7e84d743e31b7861d59aef55b08b50b59a158ad3cdbe4b7582404eee19875ca9dc32462b9ed3fe5fda0aec2f428d9ffbf42bb1f11e9f37f6e5beaa24d316de3844770d7e73b137ee3b0118c91904fd290cdcd1e29e0d16ca2b9b81713240824954e439c0c9cf7fad5dac8f0ac30c1e19b28e0b85b888212b22214539627e50790a3381ec053b57f13e89a1213a9ea76f6e47f033e5cfd1473fa5311ce7c5f83cdf00dc363fd54f13ff00e3d8feb5adf0fe633f80f4772727ecc17f2c8fe95e7de38f89ba7789747b8d0748b0bab86b82a04ccb8e8c0f0bc93d3dabbef8776b7365e04d2edef2092de7447dd1c8bb597e762323e98a433a5a82eecad2fe130de5b437119fe095030fc8d4f45311e5ff0010fe1e7876cbc317dabe9f63f65b9b750c1627210fcc01ca9e3a13d2b4fc0d6b2eaff0c34bb782e5a128ccaf83c32891b20fe1dbd719e2ba8f14d8ff0069785b54b3032d2dac8147bed247eb8ae3be0a5f09fc2773684fcd6d7478f40c011fae690ca1e14410ead60896166f1c32b4735cadbcccf0b872aaa5b76dc9c1e402077a67c6a8cdbde683a881feae47527e85587f235d8df78b8e9d737b6b1689712fd8e40ace924689860a777241fe2e700e2b2be2fe9ad7fe066b909f3d94c931ef853f29ff00d0bf4a00ee62916589244395750c0fb1a7d73de02d506afe0ad32e7765d611149fef27ca7f967f1ae8698828a28a0028acdd775a8342d38dd4a8d2c8ec238208fefcf21fba8bee7f4eb58d2788bc4d086137872ca26550cde66ac802827193f2f4cf1401d5d71fe2e1e7f8c3c236affeacddcb311eac8995fe7436a7e2aba9561fb4e89a7b33ec0b1892ee40d8ce0e3681c1ef593a95af88ae351d3b516d52c3509b4a26ed6d8db3da4b24646d603713dbd47a50335fe188dfe157bb6e64bbbdb89a43dc92e47f415d7d799784935f8f44852d752b7d36caf1e6bbb545b46b9b831b12d838f947eb5b7ff1505bb830f8b12593e43e56a3a67948dbba0dcbb483db1c91401d9515cac3e26d7e350b71e1b1787257cdd3af6391188ebc31522b5742d7935b8ee15ad65b2bab497cb9ed66237c6719078e08239045023568a28a0028a2a1bbb98ecece6ba94e238636918fb0193401e57e18ff004ff8e7acdcaf2b009467e9b52bb2f131f06dcdeadaf8826b34bb44063795b63c609c82addb919eb5c8fc18b792f2f35cd7a50774f20404fa925dbf9ad69f883c9bed727b88aeb50b5b51324535d0b3496dd665ca0c9277606f20f18cf7e290ceb67956c7c273cc97af76b0d9bbadcbb02d200a486c8e0fd6bc9fe19f80b4bf15585c6adac35c4c639fcb58c49b43e0024b1ea7afad7a0f8dda2d0be1a5f5bc4c42c768b6d1e7a9ce107e955fe12599b4f00dabb0c1b992497f02d81fa2d0074ba5e81a46891797a669d6f6a3d634018fd4f535a14514c4154f54d5b4fd16c9af352bb8eda04eace719f603b9f61572bc83e35e9de5ea5a4eab2ef92d58186540c70083bb8f42413cfb5003b55f889aff008c2f5b47f05d8cd1c6dc3dc9187c7ae7a20f73cd757f0f7c0d2f83ad6e24b9bd33dcdd85f35106234c6718ee4f279ae8741d3f4ad3b49823d1eda282d1d03a7963ef0232093d49f735a3401e6fe26934c93c512ddcfa759c909558d6f2fa7f26359a124b004025861c02bdca9f4aeb6d193c4fe189a0ba65905cc6f0c8e90bc68723aa87e48e473df1543c45e15b06b2bcd42dad5a4b90ff006831f98c43633bc2a9380594b0e3a922abf8335517177259c115fce444b2dc5ddf0556d854792142e472b93d8f049eb486737f08350974cd4755f09df1db3412b491a9f5076b81f929fcebd5abc93e2558dcf85bc5da7f8d34e4f959c2dc01d0b818c1ff0079723f0af51d3351b6d5b4db7d42d1f7c17118743ec7b7d474a605aa86f2eedec2ce5bbbb956182142f23b1c0502a6af39f899aadf58ea9a5c535b432e924990a485b6cd32f457c761c301d09fa502356c9cddccde30d6d4c112a94d32da507f708dfc6c00243bf1db81c5125d35c3ced219e4335bf992a44cf2f9409050478872d9c8ef9009e38ae7ff00e160f88ef06db782d63cf4f26d9e53fab7f4aa573e20f12ce7171a8ddc64ff000892283f40a1bf5a433b136da94e92936d39664808f958a871fc403c8bc01d4601cfad4be59b7b0d7ee0c52c4121900dfe62873b49660ac4ae09e857b707a57062eb5727736a97887fbcfa848bfa9702a4b8f1078962b63a3ac92dfb6a88d6d0c53ed7dc586095917d339392c3e9401d769b65bbc19e1a5368f748b0c21e35566e0a039c065031ead9c761cd59165a9412239b794bf9f2c8ce1400ec17e47608e383e9824f702b8d8fc4dabfd9174996e25d3a5d3d56da4b4b6015976003734843139ea36a818232d554deeaeff3c3aadf93eab7b237f2723f4a00eca295e26b4dbe6c32a46f2a79a1919df3f3ab1788ed5c03ce72452ea776b672d9f8d2c8c7241b041a9ac0fbd5a1cfdf07032636ef8e99ae353c57e28d3bfe629338f49d51ff009807f5ab83e246b6d6ef0dc69d67771ba956020906e07a8382d401eac8eb222ba3065600ab039047ad3ab8ff00861777977e121f6840b0453bc769c927ca078073cf072a3d857614c415c37c5bd70693e0e92d11f13ea2de4a81d767573f971f8d7704800927007526bc71dcfc4cf8a48a997d1f4beffc2caa7ff666fd0500775e03d2bfe11af01daacc8c2568cdcccaa32db9b9c63b9c6063dab0743dfaeeac127b1d4e3b1ba98cf2fd9dc8b46901dc77a38dc849032a0f26b77c77aafd8b4d4b5568d526dc672f6fe7a840a485283fbe46d078efcd57f87f636e56ef538ad85bc8e440de45db4d6f2e002590374c13b7a9e8714866d78abc376fe2bd0e4d2ee669215660eb247d55874c8ee3dabcc6d357f157c29bc4b0d5a137fa2b3623753f281fec37f09ff64fe1eb5ecf505ed95aea16925a5e411cf04a30f1c8b90453115343d7f4df1169eb7da65cacd11e1874643e8c3b1ad2af19f863631b7c48d525d224962d2ed44802ef24382db501f5ee47d2bd9a800ae6fe206847c41e0fbdb48d774f1af9d07fbebce3f1191f8d7494500707f08b5f1aaf848584af9b8d35bca20f5287943fcc7e15de578bead6dadfc3df8837377a069cf776fa8465d2158d99304e4a9dbd36b74f63573fb53e2eeb5910582e9e8ddcc491e3fefb24d219eb95e6fab197c337b7768c6ecd94645cc11c0cb044232c01334a3e72158e368fe1c75ae67527f1ef82350d3b5dd6f5196f6032ed789672e98eeac3000246707d457ab3c3a578c347b2bb0de75ab3adc44c31d47620e477208a002eec6d7c57e16fb35db452c37d6ea7cc87257246432679e0f22bce7c03ae5d782bc473f8375e6d90bcbfe8d2b70a18f4c1feeb7e87eb5d878bfc73a4f826c56d634496f3601059c7c0418e0b63eeaff915c7787bc11abf8e7531e24f184922dbbe0c56ff00759d7a8007f0a7ea7f5a00f5fae77c6be1ebbf12e950d8da4b6d194b85999a70c785cf031eb9fcaba04458d15146154600f6a75311e5ff00f0ac75ccf17fa72aff00742498fe756edbc01addb0c2cba3bffbcb71fc83815e8b450173826f066be47cb368d11f58d6e54ffe8daceb2d0b5ef0978a06b175a5ff006dc26dda246b0c6f89890492ac727818ce4f5af4ea2803cc750f0febde2ff129d62d74cfec38440b1b9bfc179d81383b149c601c6735a2be0bd7d570d3e8d29f5952e58feb2d77b4500702fe0bd7986049a2a7fb8b74bfca5aa32fc37d7657ddf6fd357d824bfd4935e994501739ff0006e89a8f87b451a65f5c5bce913b185a1565c2b124839eb824f35d051450079b7c50f19b5bc5ff0008be8ccd2ea37988e6f2f931ab71b47fb4dfa0fad741e07f0b47e0df0d79722efbc9079b74c83712d8fba3d401c0fc7d6a878ebe1c5af8955b50d38ada6ac832241c2cd8e81b1d0fa3561f847e235de957bff08e78d15edee222112ea51f907f6f46fcfd690cb925dde6bde298f51d1f5bd1cdca8f2a1b76692297ca0c4ba48841dc71d4718232315e8b1451c112c514691a28c0545c01f41546d74db3b2bdbcd4e29004bbdb2b8246c52060b83db2319fa57935f5eebbf12fc6d3af876fa4b3b3d3e32229848c8b8cfde3b7bb1e9ec2981ed55cc7c43f100f0f7842ee747db7138f220f5dcddff0193f85713e57c5df0ffdd71aa44bee9367f3c3565cede25f88de2cd2f4bd734d92c21b6cb4ca22745db9cb37cddcf0a2901dbfc24d04e91e115bb9536cfa8b79c73d427441f973f8d7754d8e348a358e350a8802aa8e800e829d4c4145145001451450052d6349b4d734ab8d36fa3df04ebb4fa83d88f7079af148f55f15fc37bebcf0bdaa7da0dd366cd8a16e49c6f41dc9ee3b11f9fbc54325b5b3cf1dd4b0c6d2c208495946e407ae0f6e9401e79e0bf866d0dc8d7bc52c6f35291bcc10c87788cfab1fe26fd057a4d70fe20f8b3e1cd18b436b236a77038d96e7e407ddcf1f966b9b1ae7c4cf19ff00c82ac468f64fd2523671fef3727fe02290cf53bdd42cb4e8bcdbebb82da3fef4b2051fad727a97c5af08e9f958ef24bd61dada2247e6703f5ac2b3f833f6a97ed5e25d7ae2f253cb0889ff00d0db27f415a56ba7fc36d05d63b5b4b7beb9ced5091b5dbb3019c0ea33804fe1401932fc68b9bc6d9a27862e2e0f62ec5bf4507f9d34f8abe2a6a47367e1b4b553d0bc047fe86d5d5bf8bcc163693e9da04ab6b76f1c703cd2c702b1720290a096c723b545a4f8bb52d47c416fa7cc34c895e4b88e58a295a4950c471ec307a838e828039a36df192ef96b8b7b707b6e8463f20693fe11ef8b7272dafc49ff006d87f44ae9bc71aa6ada331b9b7d55aced0da4aeb8b6571e72e362e483f7b27fef9aa534faff00daf528a3d5f552b69a6adcc2de443fbe908270a027ccbd07ae73ed4018dfd81f1722e575d85feb32ff0054a5d9f192cc677dbdc81dbf72dfe06adc7ad6bdf65ba9d757d554c12da47e5c9628ce3cdc6f254267039c7e15d5f84f50bdbdd1ee2faf6f4dca8b895626780444223151b80ee7193c71401c47fc269f1374cff8ff00f0ba5c2f4cac0dcfe2ac7f954b07c6c4b7711eb1e1ebab56ee51ff00a30157a5f13ea1acd9daa4fa7dab4926e9e343e744f0ec5244c1b69017b027afe240bdff0009adb4d6710d6b4266dd6cb7122c6f15c6d46db8664cee192c38c77a00b1a6fc52f08ea442ff00697d95cff0dd218ff5e9fad7556f756f791096d678e78cf478dc303f88ae02e743f86baf5c35bc96f169f785b614c35ab86feee0e013c8e39eb59d73f07f50d2e6373e16f114f6d20e424a4a7fe3cbfd45007aad73de2df06697e2eb2f2af13cbb9407c9b941f3a7b7b8f635c27fc261f10bc1c42f88b48fed1b45e0cea3b7fbebc7e62badf0f7c4ef0d7880a422e8d95d3f021b9c2e4fa06e87f3a60799ea50f8e7c3b01f04b3493db5fb88ed9d0121d73caa37f083dc1e83dabd73c19e16b7f096831d8c787b87f9ee6503efbff80e82b74aab1525412a72091d0d3a800a28a281051451400514514005145140053259628626926748e351966720003dc9a6dc34cb6d2b5ba2bcc1098d58e03363804f6e6be7fd4f54f10f8d25d426d5aeda3b6d3195ee74f872a523ddb5caaff115ee4d0068e8d7da0685f169fecaf6b7ba5dd4a523936865819f91b49f46e323b1af74af07d4bc23631695aae9f651892f2cc2ea563743ef5dd9b0e47d57af1e95d868bf1734383c2d6726ab3cafa8a26c9618a32ccc578dd9e9cf07ad219e8f5c4dd787afa5f1789e081a086de48e7b76927678d8861bc2a8e23ca96183d78c77ae4f54f8e376e4a693a44710ed25d3963ff7cae3f9d2696bf133c716497f06b50d9594a48568dc47d0e0f0a0b7e66803ba1e0bd261d3163bd310b8846c8af3015e34126f4033c023819a8b57bcf0c5add41776dade93a7dd413b4e4fc8de6332953b8020f20f5ae622f82f71787ccd67c4f7170e7a8442dfab13fcab56dbe0b7856003cd6bdb83df74db47fe3a05006a4df123c1a6dcc575acdac9bd76c8888f229c8e47dde45553f143c0e8d1117a49846d8cadb3fca318c0e2ad43f0b7c1b08ff9032c9ef24cedfd6ac0f875e0f5e9e1fb4fc413fd69819f1fc52f04095e45bf31c92637bfd99c16c74c9c734cd17c71e11b1592dd3c4b0c96eeed2209d0a3ab3125813b4023273ebf5ad26f873e0f6eba05a7e008feb55a7f859e0d9871a408fde399c7f5a006c969e00d72ce7b682e34bff48c92d04caae0918cf5fd3a7b55dd43c2369a87d9a5b5bb92158de0f35236fdddc246410180ea7031f95605d7c14f0bcc0f912df5bb76c4a187ea2b2dfe0eea9a7b799a178aa7858740e193f553fd2901d18d0c5b78c6d2da7be92eade5967d40c3711aedf348daa15b1f310a4f19e36835da578c6ad79f123c156c975aa5ddb6a16492a85798ac9f376f461deafe93f1c6162a9ace90f1facb6afb87fdf279fd6803d5c805486c631ce6bc2ed6efc3dad7c5c6bbb87b3b0d32de5cc40a84499d38527b72dcf3d8575fe2ef899a34be0cb97d1350596eee4792b1e0ac91eefbcc41e7819e7d715c75bf83f4c3a7e9fa75f2fd9e78ed5f53d56f07dfb7848fddc633c64f07068047baab2ba87460cac3208390453abc0743d63c55e0dbed32d2ce71751ea48b245a74ac588566c2e47f01239e2bdf10b1452e006c7201c80698875145140051451400514514005145140057917c42b07f08f8ced7c576b0efb3bd263bc8b1f2b9230ea7fde5cfe22bd76b2fc49a1c1e23d06eb4b9f004c9f23e3ee38e55bf03401e611bb6988a2d0fda64d07fd36c5bafdaf4d97efa7bedcfe95ceeade10b18cea9359dcc9b2dcc579000032c96521fbe3be509c1a8acf5cd574992cf485d3e49f58d22ea48e1014b8689810f0b28e5949e47d6b7349f863e2cd72283fb56e86976912148a22773a46cdb8a851db3d98d228e2b54d1534cb9bb87fb52ce736d2054d8c73329190cb804639e7278af54f821a989f44d434c2d936d389147fb2e3fc54fe75b1a3fc24f0b69615a7b67d4251fc572d95cff00ba303f3cd7616b636963108aced61b78c7f0c48147e940ae4f45145310514514005145140051451401e4bf1cb530b1697a52b60bb35c38fa7cabfcdabce34cd0d351b8b78db55b385654924918b1260545c9dc30393d803cd7d2f7da6586a717977f6505d263189a30dfceb8cd67e0f7867520cd66b2e9b29e8616dc99ff0075bfa6290ee79ce93e14b0b6974bbbd46690aadbb6a77d1b00163b753fbb5f5dce71c7a1ae85c9b888c7aa9f2dafff00e271ad91ff002ced97fd4dbfe3c0c551d4fe1ef8c7c3c921b375d66c5da36962424b48233955653c903d14d634babea5e2691f428ed648b55d5afc497aedc640e23403a844193cfa5033b2f867a6cfe25f12df78d7528f00398ed53b29c638f655c28fa9af57aa3a2e936fa1e8f6ba65a8c456d18407bb1ee4fb939357a9921451450014514500145145001451450014514500578b4fb382ee6bb8ad614b89f1e6caa8033e06064f53d2ac5145001451450014514500145145001451450014514500145145001559f4eb17bf8efdad213771a9549f60de01e08cf5a28a00b3451450014514500145145007ffd90a656e6473747265616d0a656e646f626a0a352030206f626a203c3c2f4c656e677468203635322f46696c7465722f466c6174654465636f64653e3e73747265616d0a789c9596ef6fa23018c7dff3573c6feeb2e54e6c110aecdde9bcc54b969b912577c9de7458a50b9489b81ff7d75f8bd480b6338b4a6a793e9fd62fa5b871c68913f810210f92a583604070db88906a4c1367ee6c9a8f07bf64ff8d6a03f101c9972c9670e863480b18f2628de0ba84b992e2a6e0703e299c8691ca816e4877a71007812b6ba348d50e7fca0e59b4722e1619db66546c33f8b1aee82bcd2f93a723741413238a0384e4db0b4f9176b4d03f422665f1bcab59058b94339132f80a53b1e682b18a8bb575e813cffd0d2419af96f097d10a1e2ec66ec2d2cc7db8b44e85a023c54c2c39153013db9ad7724e50ae4049449997eb771897c5237db7cee844774b73661ddc27c7a93fb394d39cffa3352fc515ece7ffdd3adc89e0faf7f80a503cc06880e3585f81fe4adac8a36a3d49db6bd3a356cb08b901140e1ef9ee88b45f736771e8c07e735e95364d756e6e70f50485e345c8f5bb3eddd1fa7a7a9bb327291c9f2097041da7ee689dbd216cce9e443ae3d0c561d7d976b4cede10566757a2b2c21d61f34ddbbaf233499210ebe4f7cd3329e9fa1e7e2605cdf414677ea5667a0a1ba37efc01e8f27ba0bf77c94be72155d25fdbd3375a70d1dc19863b6a449a756402ef057f61d596d786fbd68bbc66ad98b8c31e708af9c46b968309537b8f8188e3e6929b88c9dd0c86f0e514525120ef00781ab8a9e87277260913379b25d61d4c27f1594e4761e23c84637b142622764364cc8144b1615e423e340a2677ec9a0dbf79d6308cf064bc985a633012b734a32ff2990477bbc79ca7f2699595a5e1c9d8466274c848026b244642de2ebe259390982659573cdde51f2f0f23fa7122e6c13e9788c9211319d913311171e0229dc80634a18eea0fd19f15deff1ffa0fa95408ed0a656e6473747265616d0a656e646f626a0a372030206f626a3c3c2f506172656e742036203020522f436f6e74656e74732035203020522f547970652f506167652f5265736f75726365733c3c2f584f626a6563743c3c2f696d67302031203020522f5866312034203020523e3e2f50726f63536574205b2f504446202f54657874202f496d61676542202f496d61676543202f496d616765495d2f466f6e743c3c2f46312032203020522f46322033203020523e3e3e3e2f4d65646961426f785b30203020353935203834325d3e3e0a656e646f626a0a392030206f626a203c3c2f4c656e6774682034392f46696c7465722f466c6174654465636f64653e3e73747265616d0a789c2be4720ae1323551b03030520849e1720de10ae42a54305430004208999caba01f9166a4e092af10c80500ea1709ef0a656e6473747265616d0a656e646f626a0a31302030206f626a3c3c2f506172656e742036203020522f436f6e74656e74732039203020522f547970652f506167652f5265736f75726365733c3c2f584f626a6563743c3c2f5866322038203020523e3e2f50726f63536574205b2f504446202f54657874202f496d61676542202f496d61676543202f496d616765495d3e3e2f4d65646961426f785b30203020353935203834325d3e3e0a656e646f626a0a322030206f626a3c3c2f42617365466f6e742f54696d65732d426f6c642f547970652f466f6e742f456e636f64696e672f57696e416e7369456e636f64696e672f537562747970652f54797065313e3e0a656e646f626a0a332030206f626a3c3c2f42617365466f6e742f54696d65732d526f6d616e2f547970652f466f6e742f456e636f64696e672f57696e416e7369456e636f64696e672f537562747970652f54797065313e3e0a656e646f626a0a342030206f626a203c3c2f547970652f584f626a6563742f5265736f75726365733c3c2f50726f635365745b2f5044462f546578742f496d616765432f496d616765422f496d616765495d2f466f6e743c3c2f4631203131203020522f4632203132203020522f4633203133203020522f4634203134203020522f4635203135203020522f4636203136203020523e3e3e3e2f537562747970652f466f726d2f42426f785b302030203539352e3238203834312e38395d2f4d6174726978205b31203020302031203020305d2f466f726d5479706520312f4c656e67746820333130372f46696c7465722f466c6174654465636f64653e3e73747265616d0a789cc55b3b8f24b90dcefd2b3abc0ba62c51af2a60d081013b7076f0648683bee91e38f005071c707fdfa2445254bd7b66b18b45637baaa817497dfc48a92fbf5fecc5e47ff692e092e2348cd3e5fdb7cbdfde2e7ffd87bd4cc314dde5ede3f262c7fcb1e3e0e3e5edfeef57639c3526c4fc71f9e3eb777fcb9f8ffc19af2ff97d9682477b1a0c4af39bfaf4fa9fb77fe691a08d34fac1e194ea2800b98dad1f7fa7563852c8fd18ecc7e1d8b96b0ff4ff8de643df3d7ef72c8d526586d21e78ce896798bf3ffafea80f9cebdfdfaa6edcc5e689a23658392e0c6e52d3c64665b840536655e4c9c018b4d4d4161692928ea4b8a087fffd92c7192f7fd2b0de0c53bafc76f1d976d01efceff2afcb2f4b33c2e0b2488843643ba67e5d4a380e939d0903ada59803c8f8613e5b54ed84a6714ae1ef2ba6b6d8339bda3a92505348436abe401e43fe538645c545f128a7ac56d42ab206edcb7f59c0c1f2c7ca7bf297e2c36155f168719996836968f32a3bc15dfd2be9c6f71da0db86db9692c922c90da70da26401ae10710163b3872c00ed90d8cf1c2e36a1ac1f494e7c93e5da1610595ccf44ea24bbcb26336459ece7ce2d8a67102cac6da9d2c2f3a8710708202b39b986047a8f436e1c9ddafdc51123edd4c0c8a46c820d600e00d1f32ebc935e78b637e5600fe504ca1ad607b407cfcfdc974b08b81365018c07779a6624df88ebfdbb71b0fe7cf7e88538dd40f8c7b845e6c1c62f1ec290613e0379ee424f6bea212a68adde9653f3d310dac6552a5d4cd14e836f8b7040cb06b5bfcab81912a7696715bb08be1623fc2c2218e564da8819dd1cb4a578f20115d87cb3cfe6fe0503839fd63730cc377027cce147872c7160da9d5535473185957185b040849585db8cad41bb1781364e083f2e480c77a4bf87c2d89ba0ae068dfae419d0b062d3bda555943e0f2db85c979d7d52d105019fc03f1d5813bdd69d84e34ed831f67b81a0f02a70bcd81d2edb20765ca7f8ef5d4ccedc84790808ebe9432b3db52b864e61f0612386aed8fad7fc89f8e9181c98c6e27c67b587b2e9a8e32d1399e617a87a93e56ceb816d7c6f3b97762a4b78b54ed6828e046d733a6707bf6eef78606f9741209db5b716fed1f6cee3d86969f3d10c2e7ec5e6b40f8b0dbb9d45b87b607faf1099a2707189091de0fae22d300d8b1d0da3882b08dc19ff332e011191f6533e11dc701a0294ac531ec01abb295a9f97e14d786d6f8542df2aaa2da257c41651b1586affa8efecaba62cf256a9adb6465fa26f771a392885b98d51969694a5ddcc5a88e586a9333d46f8fa42f3f63a224ccd870c862dc773e43628813b0064353aafec32be8db5c48ddd451a69310c0d6d7a8654e633cf6e4bacdccc4896542d27510d9c8ae6713c2b3bd91236c20a113403a848ddf29d4de23ca419edfc4efc0e74deacc75ccfa5bb31434ea9a0e7230d8b08251b822d50d2722d80532f76c9167f3ab036aa0f104df008cc60a0e98c59cbdcdd2105fb2cb68c30d80db6b804172d8cc68446d51ca919ead657e0dbb3bf25555be6e26e486333b9631ca59ecd32ac9b96cddc57cc59320d71f867b242eddcca099ad33654f968ccb458af961d4c5514da1b2810183f840d72100e8c3565c7dc88044b6aaf85179525cf794da3f4e7c87a8c8846621ccdb8cb8abfaa5ee17641f5b3eaef6cf4aeb272afeb2a56b02d30f8563d717e1c8c5dd73f9aeb4edfbdfa1ed4f7830de56c1ccc06815bd8a81386f7ec27a9e69d6e0509338118152a4db50563a890150efae282e9ea2c4327aa632415b131f0fbbb48cf685250d48751e843846f572fb1edd7661323fe0fe96a858310b32efd8e6dd6650556e2588f7e5c0849752e95b239154f8f70b8f8b394505678b0f543fa963cb8f9489fe4e64c3bc0a7b6bd7367f77c93840fa4d5043c2bd341369a7a673ada64d5e4e11a137bd3bd85385569e5d0068da67105b4fac4e988469ed422a6f2f3323847cbb927490d5679d20785ac5888b11deb62265c8c118f2e4ac0f9b55303ae01dc798cd39ee5dde0e15bba565a4da927b7ee5570e05599594dfe64e4ef84e133102de1f00444aff877267736e679e4f0338e348ff8b1250d2342652fed384fb89bbe2060a4b4c02577b694d0d315bd1b3c61d1b454a4bcae6c0d23859a9f7cfcb9be0fa8d3e4f13d0a5edc10a148fcf1df9f576a6303e0ba49e66bdadf2b68d64db66b1f96528418659858b3cfde3a89a58f97206ccb09d1896c78c507323fcc5a3deb035a9ac349b16e5e0f94c2fdb3b68f4113b81ddbf3eeff695c9ade0fd384a6b7dba637e8bc2f2cf349d343b2270c0b091413ab7f9d24ba75009de4ef360f9b4e58dd06d2489b95cf5024985005a8488d15265552afe640580ac9ec47daa56fe5e1b0147dd2b73ae9529a9ea90939512b9a3f0b31b13b71dc8118f2b2b4ea65e377019827e0e30be9d4b202f7492f136a5c731e9eb7994b14c050b52671c9ebcb546868e75d47d1cbdb34c4e9b47769e91f1dbdec8a737ddfe8f574debd473454801a8de4bcb5a2664a2e83e8d3a49c3e8cab7c8fdbbf1bcebbc44b548cdbe0666eff028777b1a9ccad9ce7576e2db5db0911d12fd3b79294e9a3e88d9b1bde97c24ebbb9410fd4cd0de59fb5491062c529019bf3a84ad58e10c5c8fd4e6d27ac92e5193e75d3ab63c6e1dade585eb9e101e78df5d5837aacce82b1cda4d5588badb95a4d35e0925c3d68e34455b37430803a6ae660f630723b05f7ee4a7c1ae970bc76504abf1c5fe6a64d94b78489bdd0b5e5974c857219a65f21f290528725eb749b915d26723c661a87cb70419e40d314d76f15c1db4c3bfc18f15ed7b9b4a31306bd9739f59c5d4d6af7b16ab8905daa2c27b160e6051c33fa93de3e159b7945c306be88a4f70067a741b752002d15b0927eaffa96ce80e54446d3e9c559d7fef5918d188c31ef1d3ffbb60bc661643a67bb4e1851567c51956cd521d98b07f7da56c56caff955b3b29256f5470f0d801b2e921c47093ec5025d43aa2d3f892e1e805428e16816a1ee3c1e24a32a60f274e18332a31524a2361c0cad9e88671f487a4fcb6af545b945af65bcfed46876f6243d4ea6dd96e942f42ec41eb85646bc64cfba9616762a2ed64c960a8f2027108eb62e29cd8c2cd5c1c8830003f8002d98ee2f050465bcaeb8ad25db55400e277208a44e2ca4acca65d19bf401667135a93b926590033e83ee8e906e66c1a48a5e4002ea07ffb511d0b8675ddc07868d52861dafa15859f4adc1551f8076e57e68d0231a5e3be4bc3729c576ce3899e9d9473b1dd5db53472c984da8bf51d2a51add49623b69e59e3531f7ab6d047d5719862031067a344ca9544e9a85b678b6a922b99df4b48a5617e20e766db4ad3a71b86bb530808c7b8adeaac32586c9ee42cff2ead7f252aeecb8c7fc69d96d8aba6a52d45f3269679be598c6b0b924948fc4e4560ac22fe0ebadd98835dbd955493e6ce15a065f8ae0e8239458a5039e4f6798b5a4e6c5875c960b26bafd0729a663bb02a11f5d3f4bd6eb0d262d1debb56a0534fc0eebad1d7458b0cb7a73fe5eeaf8f508ab0b362f10a799b21849197381850afd5abd6dc9b33d48ab4c3dadf32e0ca6bf53f55469627faf4593cedf04ec8441d1744f245a93af46989ff246fb8437d2f6ddc4bd0557d6b78f98fd351c6416d91dfe2fdee2d89a09bfefe33bbe378f05a66a706aa75c224427aa65d16eee43071685fcdf78d6a25a58d826d7dd7528c014cdcd11909e3065d43501e59a74c6266eca097469dc5d6c0379babc5c555f147c7474c9ef51799a6b9de97a71954f94665a3ea46379ab50bae895a3d3ad9b04a17f9517272cb691f51f79ab74a8f3345cb3fe590c57aa7d5c2cc4aae441c0a6378e223c9cda87a782c0b4620b15047b5bb433593cc82c29bc3f13331b0292ecae42f6ab5931382c03b65b0e62bcf2d3a34fd6ac621887d1ab9a153dd8a959c5e487a0f7d0a208b20c93c4364e5fe8ffd10151ee7a7407e312eb643d9408d7c1bf59043499e2f5f7fda436cbbfd15379294d691faf7721341987f718ce4168272cfc871431af18f923f758dc2e3e708f43ee2f04dcd7b5579d7c89d36f9579f8224d29196be2bd7651dc8cdd0d6e4ae8367e96d2df164d836ac8ea716de6fd55c7251e616904e70707bf594b60067f360fe984f51d696611c52b3bb2547e2026d6b333fcd5364e5dd53a4a9141b8a0c8b0ca63d7b21b95f84adf679a87769a2fa7441cbbefddbccd629449bfdfe34ce82a61e223dd921e164f95b6f39d945aa940fe9a2141770bd72d661b74fffa478c7dfc5caf4c89f33387e42287f8c52f7ff93f6a8feb790a656e6473747265616d0a656e646f626a0a382030206f626a203c3c2f547970652f584f626a6563742f5265736f75726365733c3c2f50726f635365745b2f5044462f546578742f496d616765432f496d616765422f496d616765495d2f466f6e743c3c2f4631203131203020522f4632203132203020522f4633203133203020522f4636203136203020523e3e3e3e2f537562747970652f466f726d2f42426f785b302030203539352e3238203834312e38395d2f4d6174726978205b31203020302031203020305d2f466f726d5479706520312f4c656e67746820333531312f46696c7465722f466c6174654465636f64653e3e73747265616d0a789cb55bcbaee3b811dde72bfc0357a1f8920434bc182059643748ef822c7cafed556631abfcfe886455f11449d9eace04034f5fcb7c14eb79aa8abafc7e992f66ff6fbe2cf6b2c46d5ab7cbd76f975fbe5ffefa777bd9a62dbacbf7e7e5635e2f364ec65fbedffff5cd186baf7edeff7561fffb71fdb0db969e7a63f607c63ff77ff73f82bbfa6ff4e84e9f981ff3843bfdbaee9fdbfef1d70f674cfa25d0584fbfa411cfebbfbfff63272c56c2bc3753b4fb010a5d2e5130a72d68da334dddb75bd2a2f3fe74de7f9dedfe59f3621fb4c0c73cef4bf22ab3a67dd9fff7dc290b1b6f11611b5b0e9bb7fbe2ad122bfc567ef55f75a47765cdf43db3e8c633cc561998d77774fac8235ab23e0b8bbc2f4b995b3e91377e5a84213600ff6e4469a2e3beaf1a8f6440673896c1dfbe1715994145ece4d2ffd6405b2ffe68689cb6590d1def44c70b492712a5deee7fcd89b2b0562e26eea2a8cb08df9daa9e9b463c6804ed5d7f2932e76fadaa132d0f5a8fe5cc1444593f3fe16f6ed721bb9593da4a83a55941f6064ef0dff5d72241f9e68afed4f3645d9ccb67c01335bb18aa9c7229fa65d77c62dcc1d0ba2e53f252faf3362ddb49f1e358cbdc0cc4c1b8b0bccb5f0eb8fd455c61be9511ccedb866ebe3e7d9c68c7c9bd90315ab161d7af0cc3cc212ff7da3697537967aac34a5d1264976b548f11da4ecf174ec437c001f9225cfb428ed90530a6551f18aa4cd7a93bd0738873c935db3ecd07027f0a9848f5af7933c8d769503971fc62effa5e2f8758aeb49c5c1b18e9d06332e1ba70b57ab9872e35f6caca2c82cba91c1281655d3a713a012dc80510f31145126312f0fde398ae3cebc2d1e8439f7205fc4a481b71a9315d0976f68ab073652a2268673eb8b0dee1c9590be5ce7f08de6c5a29766adf6327fee3b95a86d2b85e23d1fa68de06045a2b71c7db2b60ca2b9b353f4357859e25d20f63c0a1b06d17ca1685e16c82a1ace46738ed3359a0fa3f8b39c5622f9f3cf8edc6e8bd3aaa10cd19b19b03295a2482580e781c860e254a8819c9dd01b2bdcfc14e693568863cf866f53211c2863582653018b667565d9ad2c557023ebba1819eb1292b92f3bab652532decf58d9d8a4451599d1ecf7fc714cafb825cffa84312bf95f65c1702ab4f8980508bbfccfe7e90d43a007ab7356e537417f37367f16f4a9c11df4dc59329b5e8f4aa844c7c906088c8bc8640e49f5e9d869ee4ecf8ad098ed0cd1d31a5fbcab669dc03fa24e42fd3d479bd7fcb2ebe4ce063b35d84180b6dba2d4203dc9a0e149b432f05fe85f8a90340a5391482e6f634830d8c3f752c93c10139095d9303838b0723eab76659864582931e0e82076fd48e00346a7f9ec8e1f789e2c5d86e1be4818a80797991f0a64a86413961e31613d81af583d683e6510dd6a0304e50f2207a91dba5585e6155a3be12552ccf373e283d559047b0b0fdec4724839de4d800d70805140e0001770b41889201311cf30f31a9cf0d0039fc338cee0aab4b33911a1dffac0c54ff62074dacea67170dac53c4c070789bcc0bc8b12fb1a3ca20c6ce5f3284906d3673b46e5a8866564bed2a74766f3e2a6a5d6595e429e824a4e411e6bfc64eab269c9046732a4cbd04e30d643c0cc7950187b54f0e196655afcb0de1386b4ee56630e30c76e4f33cfc9d6257156bc04391ef659b2180bcd15259cc5531537e49539946fb68a877fa7f4ad902131895d55c0ef429e95bf24f1acfbeb438ee9686103cb81b955178f0d11f7e2517c879368614ce69c1c8bc301a85b455dd9af81570d889ed3c8953ee8a952d808bef5f3210c68284f0bc0e015f0691e9fe246880dc6a23156567ecdb64290827044bee0b09b22a75145da845491bef14118d949514256a23c589051acdf2be9282a7ac209261742bdec8929124571a06d6156a9711458794e03604741f3857a51e024d102cb451f361c749208acea9d0808d6e6f4e35c40508325efe3d275f6fa0e3cc92052a870da104ea5761e0558dbc7ded13bef311db392d72b17c9f941494ea594cc4f493ae6590a8b6cb2f93bf9ac510e2fc6dcb8ec4292ae3b710200a9a5394a1aeb20c6ca00981ad4e87af7a57100cf558e22954aaec5a588067281b970e445c9f79c6841b5958620512f32485d41020c9455a522c69cc08013f027743d84a4c627751d073ba6f7266acad0c7c329586d6b2151abacdd26efaaca02c4ccfc5f50e3ecadb254bc5cf9850a2c52ca52bd23b75eddcc628ae4d7b2d6bf871c853e159f728dbda8096e1b51922182630b9de255123becbbc6847184216a07823b37417d6bf5811935824104a9e669c06210ac7407de99312d551e25f1b05de22187e0e227c2559d3cd83601f03c9ee7b8813505460d5c292ffc567d99415ed322e5416602151d2d3d547d7799fde47ce4fee9aee1765a16c19c5759584aa4ca7353545d3d252e3976ae410703cedaea942a27d61d5eba16267ebf4c6e5b2fff65bad6c985cb6f171fb7c9d607ffb9fcf3f2ebb015bc1f7e77c95b5bfee3de09f536db0241ad0b9fa81eabb982aafa8af1ec260f09c467d5a5da5a6dfabef45458b656b2cf8476e7e694b39cabdfa8c16eb9dac83bdf8d82b282a69ace3500158331a42fadf3afb39408184ab05973682166a20e9522cbf6ad725dd28136bfec23c8039f0299b87d54fe4b87e0ae2cf7a2dae08c8e4d1158f938590508d7d233e3b4acede10aea3ad1c3804216e8e8b1f2c49d9eb3ba03632d20836cef004e4a15639474836b1748d1e9568f481c2f8e0ee4d30cd16523eab68825229798cb04cfa3b2cbc2e1c211191ef000946d9d0e01e1001978eba6104ede0e49cd2eb819722cc2759e5677568638d892cbcbf9986a0a1bc0a9164b658d8a03d4fb7f703c119841fa17f5c8680a14c9738772e487c31496939d3be1f43230d87421c7af4d6ff254cc68c3a270675045e3f0eb817d906e365dc979dac3b8694b0bba5277dc953cee7aef4c5bce36dcd460775c0865ab661d6340004080ed984b15470d223f0cc2a37030687a71ddc18283c6ab523a9c9c6eadd53827ceb949fa9ee029a5f19f00145717ad2c3810d661f4703fa68b6d8c79b4194e9ec375a5a1eff2098c99066489bfd0d37f46fbfc3685d3972e70707208aa62992a0046904dc2a9867b2faf58457342c3a632174b69f909676eaa4ef51c4525d63adec131dee26c83af47d9a2b1b4232506b4db39edb2a62b90bd9a2e48ec564105275a85d64682f454a0d6fd05c58ed68ea6f6d1a0eb061708ce5d08c1cb8d1c7e3b475b4be712a611d5a26c721572a0e86657f4700ce1fb247b197405f8f6db11e87f73fdc89d6f61abc10ecefe86155d90cfbe48215c496739f71ee49eea5cf5f69fca6afbd54fe7680200ed8aab49fd9421cbcde05dcabea835eab4cd5880a9b5d7118db947543b9650c486b0f032db0ec6d5ceb9a57a75568f9c438fbb57648925cbee3054d5e97ac16a9c5207b3a65a654da9e9c1514a6d5392f8116c98fc59c44f38c6833c503e8342d4b6db99ff91fb4545558da8deab9b462442b9694429a552a0c3e4a58c625f45c408dac0cb9535f2f3482e97b2a7117572a87ed243d9fff8a4cf1da9e67c49c2f88159bd38c7a04f712c1eb53fc6a57be5eba127d5c55ce51e7e2a0514b1714599c33174ce066c433f82574df8c0167d441bbea57c77abfb28f6d4fd46fd3da92bd4f38da1e5b1d276e741365b359f7c95baf111c1560c94e7cd820c7a7d7fb4d36c9630972e61838046799a2a2cedbc7a19e0d01246977e435d1d6f0435e7e8461c870bcb4f385b007c7414087f92bb9d80cfed3da0798047a1c98bedc9169e6a9d563d2dce45253a56d97677b80f08c37c5dd640d1b3cb1ed4c37fc87d28dd3ae7e321c040d5ad6bb341da1ec14cab16dbcadce6cec2c0591ccb4e17fb47c2fa4937f2daca6e75b7e2fa8ed82fa0044c8959ff3980f1c1a66a5317823a3d048d820e9f420b6529410b0d61ac13e33683dcc33783087c5d52a909e4a900e1c10589462483a2b8b81c76034b73e6a567b4d1f10a955af9fe57bc1b4739b94c0bcd5d15dc06c25be6c9ac4d9b107552caed9aa0230196e5f06ad57155b14543786353f7d7d0eb7aca34d9430c6c60b9ce9ccd7b6dd4e23a1129c84b1a8120dec87bd261f73d265ff16cc10b7d7ab9e2357056999254f2bde19230fac683c9bb2b90bcd148be8d532fa4a13add8729e856de50b076dad68cf8ed02940b61b2c19f40d88f978cd6d739554c9550ee6665316d8350c5b170d0a6615da21cac0d6e0b78cc1bbbbe718615dd02e955fa06b95597e0c7dd9b2d7e9ce0775714d46061e21d686c34b9be977037a33846f95467a1abc136fd20deb4505959e2290878dce4e19c3a4033f2a0b9a3cbae5f46412d11d657eb04fa2ede0f956cadaf8435f9e4ad7cf26b696f1a6e71d790b89c953c0e16fec21d1e1233eba980b541f834a95a2faf9f30c89236dd5115101a5c89599f3a3455d49a6ee03a7692b93fa74a2fced4ab09f452597f2948bf40dac69ad710f3ed095ae91d94aaf4ed9924e573d5ebb8c6299eed9da8c12d521db8d3fe1da559dd88e3c2517fcdd61c36f2ed161b56967711545310eb5bda8c69fab8ebd75fc15902be165fc016bf75da35064bf9981bbcac36f2565c1a1111a8a1cb664a253b5dbed5eb2a34efa7388654336df55d490ea6b17b79dfa2b21647429e2970c6c16f29b8eb965f3079f34efb927a9b27350dc73a07fc7ed633c24dbe5ced3c2836fd90af5c0fdb5a6c534d01bdbf2df5a67cdd178de84689be932534c4374c7536a1b7935cc5c178294392a41bf82e55683f78efeb4ddfa84658111a16b7a21ac16a0555bb51ac42dfce1294dc55bce38bcefd8ea5e55524516939e7abc47d9ceb0f2e2eee12f8f52f7f005cda66580a656e6473747265616d0a656e646f626a0a31312030206f626a3c3c2f44657363656e64616e74466f6e74735b3137203020525d2f42617365466f6e742f5559464b41472b466f6e74696e2d526567756c61722d4964656e746974792d482f547970652f466f6e742f537562747970652f54797065302f456e636f64696e672f4964656e746974792d482f546f556e69636f6465203138203020523e3e0a656e646f626a0a31322030206f626a3c3c2f44657363656e64616e74466f6e74735b3139203020525d2f42617365466f6e742f534c474c58472b466f6e74696e2d426f6c642d4964656e746974792d482f547970652f466f6e742f537562747970652f54797065302f456e636f64696e672f4964656e746974792d482f546f556e69636f6465203230203020523e3e0a656e646f626a0a31332030206f626a3c3c2f44657363656e64616e74466f6e74735b3231203020525d2f42617365466f6e742f4a51465a47502b466f6e74696e2d536d616c6c436170732d4964656e746974792d482f547970652f466f6e742f537562747970652f54797065302f456e636f64696e672f4964656e746974792d482f546f556e69636f6465203232203020523e3e0a656e646f626a0a31342030206f626a3c3c2f4c617374436861722035362f42617365466f6e742f47594b47515a2b434d5231302f547970652f466f6e742f537562747970652f54797065312f576964746873203233203020522f466f6e7444657363726970746f72203234203020522f4669727374436861722034393e3e0a656e646f626a0a31352030206f626a3c3c2f4c61737443686172203131362f42617365466f6e742f494b5850555a2b434d4d49372f547970652f466f6e742f537562747970652f54797065312f576964746873203235203020522f466f6e7444657363726970746f72203236203020522f466972737443686172203130343e3e0a656e646f626a0a31362030206f626a3c3c2f44657363656e64616e74466f6e74735b3237203020525d2f42617365466f6e742f4441504946442b466f6e74696e2d4974616c69632d4964656e746974792d482f547970652f466f6e742f537562747970652f54797065302f456e636f64696e672f4964656e746974792d482f546f556e69636f6465203238203020523e3e0a656e646f626a0a31372030206f626a3c3c2f42617365466f6e742f5559464b41472b466f6e74696e2d526567756c61722f43494453797374656d496e666f3c3c2f4f72646572696e67284964656e74697479292f52656769737472792841646f6265292f537570706c656d656e7420303e3e2f57203239203020522f547970652f466f6e742f537562747970652f434944466f6e7454797065302f466f6e7444657363726970746f72203330203020522f445720313030303e3e0a656e646f626a0a31382030206f626a203c3c2f4c656e677468203330302f46696c7465722f466c6174654465636f64653e3e73747265616d0a78da5d91db6ec2300c86effb14b964d2a049810252558981907ab183567880367159a43589d270c1db2fb53b26ad521a7d3efc76ecf4501d2ba3034b3fbc953504d669a33c0cf6e625b016aeda2422634acb3011fe65dfb8243dbc36eeade981a58bf9c99aa0cdc286ee99733ebf9c4f22670a3a8a3adf1db06ce2ea58df87007d653acb8a22612cfd8ca243f07736db2bdbc2d3687bf70abc365736bb1c6ab4d437e7bea10713184fca12e504b525ad82c135127c63ae9014b1075eb2e214bf3201a3fef973ca6a3bf9d5788cce6334e7d9ba44da10e544db4819173ba4e50e7deb2dd19e887c9b15466619d69cd497bfb5fe5a230941b91929c5a49196547a25d0b822e3fa05af5c4cbaa4343e6bdcc3630df2e67d1c0e2e0bc73e4e481b78ecd3593766e1f9011666931b0a656e6473747265616d0a656e646f626a0a31392030206f626a3c3c2f42617365466f6e742f534c474c58472b466f6e74696e2d426f6c642f43494453797374656d496e666f3c3c2f4f72646572696e67284964656e74697479292f52656769737472792841646f6265292f537570706c656d656e7420303e3e2f57203331203020522f547970652f466f6e742f537562747970652f434944466f6e7454797065302f466f6e7444657363726970746f72203332203020522f445720313030303e3e0a656e646f626a0a32302030206f626a203c3c2f4c656e677468203334332f46696c7465722f466c6174654465636f64653e3e73747265616d0a78da5d92c96e83301086ef3c858fa9d4049b2d544248090912872e2ac903107b4891826d19e790b7aff1d01c8a04d237eb3fcc84557368e46049f865146fc1927e90c2c0a4ee8603b9c07590018b8818b85dc87ff9d8e920acde3bfdd18d40c2cdba56d20e72bd5737b151b67fa594aecfa79a6544408fa1a78706122ddc1cdac764616c64af4851048484dfaef264cd83ac76425de065b67d1a01669057b23a57adb7b477ad6f3082b4840665e9cb31d4c6958049771c4c27af10144e032d4951bba70c408a7f7e4631edd2f39fcef8f0dc854794bd959e2a4794467ba423d201a9463a7a720933c539d21e69e729da794ab066bcf5946648e84bd197d5d83df6621755d99fc6e74c8cf92417e6bb50ec99a211cbc709b68e50648e0a181a71aa1813121c2ec1c8144b671899628714c7d9468b2c1432ffcef9089e37c0efc6b8a5f84bf1eb9e373348781e93567acef2ef2f8c26ac660a656e6473747265616d0a656e646f626a0a32312030206f626a3c3c2f42617365466f6e742f4a51465a47502b466f6e74696e2d536d616c6c436170732f43494453797374656d496e666f3c3c2f4f72646572696e67284964656e74697479292f52656769737472792841646f6265292f537570706c656d656e7420303e3e2f57203333203020522f547970652f466f6e742f537562747970652f434944466f6e7454797065302f466f6e7444657363726970746f72203334203020522f445720313030303e3e0a656e646f626a0a32322030206f626a203c3c2f4c656e677468203331382f46696c7465722f466c6174654465636f64653e3e73747265616d0a78da5d92cb6ec3201045f7fe0a96a9d4c4f89944b22ca58e2c79d187eae403088c53a41810268bfc7d6d86665124400786cb6586b8e98e9d928ec45f56f31e1c19a41216267db71cc805ae5245494a84e42e901ff9c84c1437efcc7cb01148bc59b75a39a9d6fdc86eb7869969a3ddf04a295d9f4f6d52120103c69f1e06481ab83bf68fc9c1d8a94193aa8a0889bf67f9c9d907591d84bec0cbb2f6690558a9ae64756e7abfd2df8db9c108ca111ad5b5974bd020d70226c33858a6ae1055b3075a93aa9d5b1d8112fff6138ac72e03ff6176094fd3399cd23ca93de548195289542035486f9e328ad422259e0a8a9421a548a852a04ab1f7b4dd211d90f6de6c7095fd797cbe290f26b77e2ad16b8e4a055e5d06c17035466ed3a08b4a4b3e96523e2bc9efd6ce59f5f5f6f55a522b153cbf84d16639e5fb2f8638a1c40a656e6473747265616d0a656e646f626a0a32332030206f626a5b353030203020302035303020302035303020353030203530305d0a656e646f626a0a32342030206f626a3c3c2f466f6e7442426f785b2d3430202d3235302031303039203735305d2f436170486569676874203638332f547970652f466f6e7444657363726970746f722f466f6e7446696c6533203335203020522f5374656d562036392f44657363656e74202d3139342f466c61677320362f466f6e744e616d652f47594b47515a2b434d5231302f417363656e74203639342f4974616c6963416e676c6520303e3e0a656e646f626a0a32352030206f626a5b3636382e3820302030203020302030203020302030203020302030203433312e365d0a656e646f626a0a32362030206f626a3c3c2f466f6e7442426f785b2d31202d3235302031313731203735305d2f436170486569676874203638332f547970652f466f6e7444657363726970746f722f466f6e7446696c6533203336203020522f5374656d562038312f44657363656e74202d3139342f466c6167732037302f466f6e744e616d652f494b5850555a2b434d4d49372f417363656e74203639342f4974616c6963416e676c65202d31342e30343e3e0a656e646f626a0a32372030206f626a3c3c2f42617365466f6e742f4441504946442b466f6e74696e2d4974616c69632f43494453797374656d496e666f3c3c2f4f72646572696e67284964656e74697479292f52656769737472792841646f6265292f537570706c656d656e7420303e3e2f57203337203020522f547970652f466f6e742f537562747970652f434944466f6e7454797065302f466f6e7444657363726970746f72203338203020522f445720313030303e3e0a656e646f626a0a32382030206f626a203c3c2f4c656e677468203335392f46696c7465722f466c6174654465636f64653e3e73747265616d0a78da5d92dd8a83301085ef7d8a5c76615b1335da82085d8be0c5feb0b60f60e3d8156a0c31bde8dbafced82eaca0e13b9e4c4e92f1f3f250eace31ffcb0eaa02c7da4e3716c6e16615b0335c3aed8980359d720be157f5b5f1fcfcbd361f750fccdfac8b41bb4eaf4b575f3bb5195cfbca395f9f8e858859032d998f77032c58b83c54f7d1415fea766069ea31e67f4fb54767ef6cb56f8633bcccdaa76dc076fac256a7bc42a5ba1973851eb463dccb322c27289d1a1a184dadc0d6fa025e3a65e0194b8be9c93cd0cdbfff82d3b473ab7e6a8bf6ed640fb8d8653305c1449c478228220a892451449410c5445ba20429144892139153923324a724a7dc23253b0cbba4da3e32feed698736fe86c3b4188a07120b127314052d2d421c424a206212a94a2829322d1dd0f488f61f860f0b860c508ce85024958ee96c2439256d2709960d50e4f9e0e78679f68bba593b5d1f761536c67c879d8667e399c1ccb3f0fd052068b5060a656e6473747265616d0a656e646f626a0a32392030206f626a5b365b37393820373539203232312033333020333330203430322034373120323037203330322032303720323931203536392033323220343438203434302035303020343433203534302034313620353132203534385d2033345b3539302035353620363039203637372035303020343735203634362037353520333139203331342035383120343731203930302037353620363830203535332036383320353935203438302035343120373036203632355d2035375b353237203532305d2036365b343938203535332034373220353536203439322033323820353234203538342032383020323736203533382032383020383930203538372035353320353634203535312034303520343136203337372035383820353032203833322034373420343938203436365d203131365b3432345d5d0a656e646f626a0a33302030206f626a3c3c2f5374796c653c3c2f50616e6f73653c3030303030303030303030303030303030303030303030303e3e3e2f547970652f466f6e7444657363726970746f722f434944536574203339203020522f44657363656e74202d3234302f5374656d562037362f4176675769647468203530342f436170486569676874203637312f466f6e7442426f785b2d313233202d3231302031303938203839305d2f466f6e7446696c6533203430203020522f58486569676874203530352f466c61677320362f417363656e74203735352f466f6e744e616d652f5559464b41472b466f6e74696e2d526567756c61722f4974616c6963416e676c6520303e3e0a656e646f626a0a33312030206f626a5b385b3237305d2031325b3437315d2031345b333039203235385d2031375b35393920333437203436345d2032315b35323320343639203537305d2032355b3534375d2032375b3235385d2033345b3631372035373120363234203639322035313420343836203636385d2034325b3334315d2034345b3633362034383720393233203737382036393920353639203639392036313520343935203536305d2035355b3633385d2035385b3533395d2036365b3530392035363520343831203537302035303920333431203533342036303120333030203239392035383020323939203930302036303120353636203537385d2038335b34323420343237203338382035393520343838203832312034383120343932203438335d203131315b3437305d5d0a656e646f626a0a33322030206f626a3c3c2f5374796c653c3c2f50616e6f73653c3030303030303030303030303030303030303030303030303e3e3e2f547970652f466f6e7444657363726970746f722f434944536574203431203020522f44657363656e74202d3234302f5374656d562037362f4176675769647468203531362f436170486569676874203637382f466f6e7442426f785b2d313336202d3231302031323039203839305d2f466f6e7446696c6533203432203020522f58486569676874203531352f466c616773203236323135302f417363656e74203736302f466f6e744e616d652f534c474c58472b466f6e74696e2d426f6c642f4974616c6963416e676c6520303e3e0a656e646f626a0a33332030206f626a5b33345b3539305d2033365b3630395d2033385b3530305d2034345b3538315d2034385b363830203535335d2035315b3539355d2035345b3730365d2036365b35323120343938203534312036303120343436203432315d2037335b36373520333036203331362035323420343235203831392036383720363130203439315d2038335b353335203430382034363820363231203534385d2038395b343636203433365d5d0a656e646f626a0a33342030206f626a3c3c2f5374796c653c3c2f50616e6f73653c3030303030303030303030303030303030303030303030303e3e3e2f547970652f466f6e7444657363726970746f722f434944536574203433203020522f44657363656e7420302f5374656d562037362f4176675769647468203530392f436170486569676874203637312f466f6e7442426f785b2d313231202d3231302031303938203839305d2f466f6e7446696c6533203434203020522f58486569676874203533382f466c61677320362f417363656e74203533332f466f6e744e616d652f4a51465a47502b466f6e74696e2d536d616c6c436170732f4974616c6963416e676c6520303e3e0a656e646f626a0a33352030206f626a203c3c2f537562747970652f5479706531432f4c656e677468203834372f46696c7465722f466c6174654465636f64653e3e73747265616d0a78da1d8f6d4c536714c79f4bcbbd8f5ad1516ec4312f77cb0c9091da228cd5b8654d97b18c55237ef085c152cbb52df46df596ca4b027361949cd0850d0105570a35c49a091936483765736ecce916b3b768b610256138b6c4ecf579f4f261b77cf925e724ffdff91f0669b58861988d5587aaabf61d7ec66aab3119338b0a87127dd4f5f044362d40f409866ecba282866ed16e4308fdfd5886f7376578777386db55684a7391966170a8b5c768dc69301acbacfe404bd0ed74c962b1a3443499cd95a56299d168162d5e29e876d87da2cd2ebb24af5d56078fb8dfef704b728b58bcdb25cb815d3b7684c36183dd7bcce00f3a5f282915c36ed925d648c7a460b3d420beecf7c9e21ebb5712d73a1bd668f57b0321590a8a367f8314f421c4684ca81c3d9b85502ee2d116948fb622360b31488baad11853ce9cca2aa1911c1a81249d4acec41812f85143d20ff3f871e895055bf54e6802ece162f025cc9dc5aba73967a4c3243479d80bd145989e5e840bbaa7934d9c29323055b8a6218f27a95df5a46fab1e62e6cb39674fa74568f6b017a373904a7d0a17d5443367e919982c5c7c902ca2b5aabdaf4d38011178bb43995f75e77b389248f24a842511ba2e5bd58626e853630bbf4e2772534ba461f9d525fd2ac927bff0e31ce9239b27af08e390ea8abb71bb03ea3de3edf1e173fd1fcdbff1f1734a9e52a0f0ca9b85fa474a8ce097ee13cdca6f6a525ff6bba211f4ab5570f460b816930dca4ffc6be09def3add92869fe10cbe73fec192300cb390b49d390a07e130d4c2a156a7776fdd3b32e04ca3517af336f3796265594303f45fbe7f107a61142bddac92033d43dd1fe020dba81cc94eb0d1e1feaf8706dfebbb0343808983ed6cdbad30a1469352d0a814c276fc16d4cfcec2a593c2150eae46afbeffd9bb63a7eecd5c5f3b3241bebd4646d4af2fcb33e4ec8c7c59ff07a9a4757cddb9ee0f61047f7533f5dd0f370e5805a869a8ddebc2f176fefba94fe6e01bbc5c76cd58b4cb6210a0a5b73ef5fa40c75430d18af57fedf355ec8762fce49faffc43b25716fe1360b2f392943a3eda76b27a1a17d979b2e9f989e3692fecd96a79f180b9c27a7d41802fcedfb89bc639a138b58e10df405f9c558e0c72c9f5b736c4fb75ba5b31dd4661bdb632a65b47eee5fd0f6c376d060a656e6473747265616d0a656e646f626a0a33362030206f626a203c3c2f537562747970652f5479706531432f4c656e677468203631362f46696c7465722f466c6174654465636f64653e3e73747265616d0a78da6364606161606464e4f5f48e08088dd276f6f5f5340709d876fdee936199fcb389f58734c30f19c61fb24c3fe4987f88b3c83df462f9cfc324cbc0c0f0591044bee307912f0440a43a9060721262606164e428adea343030d633303072ce2fa82cca4ccf2851d048d65430b4b434d751303230b05470cc4d2dca4c4ecc53f04d2cc948cd4d2c0172721482f39333534b2a15346c324a4a0aacf4f5cbcbcbf512738bf5f28bd2ed347514ca334b321482528b538bca525314dcf2f34a14fc12735315c06ed70393cef9b905a525a9450abef929a945790c0c8c4c190c2540077a3284323033313032b0309c6074fdd1c1f7d3a071f90ff9e5df937633fe10bcdc7b8df9fbd99f3aa23dbd7d33ba7b3826b44fa9972befb6682eea6ceeaaedea2ee3a89dd93d7d77774bb35c774b676b67d36fc53fa724da2abb3bbb3b396aa6572d949bd63d6fc2b4057d13a7ac9fb060d11389be595337827077cffcd5abf7ec3d72b39be3705f6cb17cb77fc26fe6eac486fcf6a6ee2a8eb0ed59fbde6fff2e376b465d77875c6d77576b7b4389757c524a374759fbcc05f2dd8b26cc98bb63faaa2d5fbb0f77cfeede9ab6a26a46decc986ea7eeb0e4b4040ebe1fce403ff0aeffee349ff125d0035d3fe4453fb2cd9bd1bd70665d7795bc0edb86ef1a3d137a2774f74bcead9d592e57d45d53d552d852346377fc6f270e55b68abaeed2dae9dd73e55fb105fc6e682d6a4aefae930cd89b7ee43bf3a9ef0a33c08eaaefeeea6caecaf789080e013aaa76c67af9eea9fd0b7aa772f095cfffe13c75eaf4ef05f3d97e274c6597e362319fcfc3398987ab87877b35d71deed5fd3c3cdf1f8a0000231cf62d0a656e6473747265616d0a656e646f626a0a33372030206f626a5b385b3230392033313820333138203430325d2031335b32303920333032203231315d2031375b35353820333130203433385d2032325b3433382035313420333939203436385d2033345b3534395d2033365b363134203635335d2033395b343730203633395d2034325b33303220333137203534392034323020383631203732305d2034395b3531335d2035315b35363420343532203438355d2035355b353934203837325d2036365b3530372035323120343631203531392034353920333230203439302035333720323635203236352034393020323534203832392035343120353033203533315d2038335b33393220333935203337332035353120343430203733395d2039305b3435305d5d0a656e646f626a0a33382030206f626a3c3c2f5374796c653c3c2f50616e6f73653c3030303030303030303030303030303030303030303030303e3e3e2f547970652f466f6e7444657363726970746f722f434944536574203435203020522f44657363656e74202d3234302f5374656d562037362f4176675769647468203439302f436170486569676874203637312f466f6e7442426f785b2d313835202d3231302031303834203839305d2f466f6e7446696c6533203436203020522f58486569676874203530352f466c6167732037302f417363656e74203735352f466f6e744e616d652f4441504946442b466f6e74696e2d4974616c69632f4974616c6963416e676c65202d31323e3e0a656e646f626a0a33392030206f626a203c3c2f4c656e6774682032322f46696c7465722f466c6174654465636f64653e3e73747265616d0a78da6bfeffff81fdffff0940fc8181810300563909340a656e6473747265616d0a656e646f626a0a34302030206f626a203c3c2f537562747970652f434944466f6e745479706530432f4c656e67746820363138302f46696c7465722f466c6174654465636f64653e3e73747265616d0a78daa55907781357b61e03231d88112d632021330e044828a1845e834d3760030ec536d51863dc0bee968b244b9a3392255bee0577ec0036d5406806428790000ba4ec42d864d32009bb0b57ec65dfbe2bc296249bb7e5d9fefc499a7bcf3df53fffb972e33a75e2dcdcdc3cde5a39db67c69ca1b3a3a312c2a2862f0909dd12b12ecef56496b39ff32574179ddd38a7e8e6943a383d3b3afb74a29eee1db7ba77a2dde8c63ffde64f1afe258ee36e7563ffdd627b90ceeefdd92be965f7575c1f84b90fe4546e6edd9eefb764edc61f1f306343f4fa90791b42d8670929ded131297161a19b123c5f0d7ecd737e74bca7d796b0c490a8d075c33c478f1c39e675cf1911119e4f57c47bc685c487c425866c78fd07819ecf04fef08ee9c2a93835075c67ae0bf71ce7ce75e5345c37ae3bd783ebc9f5e29ee704ce83ebcdf5e1fa722f70fdb901dc2bdc406e1037987b957b8d1bc20de58671c3b9d7b911dc486e14379a7b831bc38de5c671e3b989dc24ce8bf3e66672b3b8d9dc1c6e2e378f9bcff9700bb885dc22ce97f3e316734bb8a59c3ff716b78c5bceade05672015c2097d091737369358f9bd781bdeac495b905ba65bb35bb5deda0edf05147aee3f08e733b26777cbf93bad38a4eedfc605ecb7faa7a5e85aabfa817a9afc1203077eed07943e7df7459d3a5b0cb1f9f8b7a6ebffb6af7df779dd1b545e3a9a9d438bbf9753bdd7d4cf7633d26f738dbd3bb27f6ead32ba5d79f9e6f13060891c2198fa51ed87b706f6bef4b7d16f539dc57e81bd9f7a317d6be70e545733f55bfadfdfef2d20b4e5943da49a8c725c293b3ce37b736435179eb7eac87625dc116311bd38c1959600aa33de85c7ae9c962706e2637859b67fdfb4be6a173a60e40f0f63d463a480fdebffabd9841df110eed39704dbabdb17db11818b16eb6346efb927745fae7c77dfed33d1a52ea6c756609445435db8a51424b4e9614b6313958ccc454250d219776481eb076325cf13d1e7d08a116b7da2b0a20386ca3b7f816ce6ff07d07020217c48d42a03da77ff69d849fb45fbf750a823e89fd100fc0fdeb574817f1ab4b2bde9490f274c4d0942c3831e1ea1befcf85bdb70aeee119d891b30f45fa01ed21acdf9cba06d7c0e8eba3bf165b7157f1f606987c6ddabdc55f0059480a84731b5b17896f85442e937075a3cfbed9d054f9e505fc0d6868f37167b170fb44db553c027b93eb42c4288c8dce0b87b252fd4609a392438356b355532e926c81c47f4f361351dc429fa75369b5445b483f1a522ad29e9427566290d83a52f574e120b2998a620df9eb42ca166688a42779b67028713cee20546eafda81cd805b759589156056636a6c50e862309bcc3a443016f1b16d3107d720e4608e39cb08a586a6c09d0bc162e2f5aa85e8839973c091bfdd7200a11cabb04a86a4b0a4300c074c2a48ae4e058b1a2beaf7ed3c03b6621ed1a2b318a131a06ed5610407165a8af2406b8f39127a0e8c76be49750a4fd80bcf43962e081722603c1a448ba258981a9a18527a4590f3d08e05807bf0a872184a5497f0aab1f81a64e62c55662224aa7097b20d8b60bf7df71ad180a9a61c333832657f9c095af59ca98a55f251e7294c82ebf04bf2098459f23893a8a1079ae92bffdafd2b9a4898f06c7f19ee97eb107eac40d022cc9390fdb8449251fb84a6f8ba2831323e3e4a8aac8b6f169beaea9a597882dba949a8626178e3f180829d602d2fdb6b6a00b92a3b3f13211ac3d27275605b318b3ea03d9e18417395b46805bdac43034bd08e83ef90f512997d8ff425a345e2fed508ba82e5e5e4f1b4371d9e0e71ce16617eb6ff7896a960a563ce53f7df215cb55cfe0289079091b308374234a25136318fd29924dbc358656cc4263093242453999f2bac67518cdbcfa7abe8b4197c65007fa7912fca298893c3c0f464126f546b56eef538a056f2889eac473216cec79d5b20aedb1c112ea1194d6886c8a85515b80fdefd78e72722e97dd86bb644e7d0321a882299aefa024be59212b0e8151dea20363d62aea8597c7d8240fa917957c8540949b7290df30ae157bb8f1cc3b3707af915da539ce415c22a26744ffceeb7c178604fc35e8473d52b8225f45ffdd6e218906599b91cb262f8933937d390760323ed435f5c33f869ca2a3a05d0bee61d516369fb5620b92a99ce62667cab7a66b9bc03f7e20ea853dd55e423fa66c8cc8c66490d3299ac9097feea10cb7e7e916a51305d40cfaca3cc91154e77c1946c4a605e3153e4e964d55ee2768f4cdfd3061afffbce6b429a964fa3e9bc238de57c93fda01e4eea6e6e7ca65affb77ea219337ee887cc78b2808eaf1c2edac9cb3c99f4577db4da0c65048bd67e72cb395ab87b6b197d5ea2c224da99be24d2814bc9302249e420197c9f7410cf7e99b8404226da9405c94d0b1b021026e0642f2df586433b4e551d67f933b2bf4035cdf4b56fc48bada7ef4b0fd79c9b2e866140664206682692a1f142f864bfaaf84a28cf2f2f6bb90d24d0b98ec7e44c4f910e41dbfbf9cd50a22d55be402029aaf2545e537a893081f0dd868f45d2e3dec78497f0a36967a79f82ed55b74fe3e77063feb1e122ed3273ce6b12fab4af381b046bb78cf143da19c8e281828fb2e21dfc15e057efeedf5e01d7fcafaf401fc0657ecb7c1518efd409edadcd27c473bb421749e815101a9301be0796b7e151d01c256164ac30d6ea753e9ff4053be9f9297123fd0c4006e61ca313f4f415c8a03ba8348af27658681d536bbf0898af14580aa02afa54fc6113fcd6f8e1b572320702362d4a7ecb0a87583c7dadeb579ac6808176daeb75c3043b4da78aebcbc046347164fa601b68be20bf7f3c55d894b3d816370968d2932ff95fa9142be659ec709344f2245df51e5dc1dbb44aa69203a4ab2ab34a5b9fdd0a74a6b384d75767eec9ad87da2783051aa0fa9eece635a749070f325a45067ef911e926e1837947dfac81d33bf71cc173805717dda47d8c4067e5f2fa54be28b52c1da7c093f56a44659379339001e42be10be3357f5799fb062f1a2cfaa84c1f2271530807270e09cb54b8dbb24b6905a50d7761231c51f8f3cad1b53803d03f6e53523224e42558125952918ecef36498103a6f5cc462961c43bdc8603252221e6789867598dfed7a33562ad7f22d65db4ee156d87270cceeb16c953f6b3c83e906892e7a40fb133f16f807efde95d02e3b4c7626720eb9e1411690e75866ae64f5bc890ef9231d65029af8d496fa08251083e14900b345a795508ba9722a90847681baabcc27e52b780d1856d9c872dc0ea72c3ce967231da8a799a5b099be3a72e868a6b585a9dd28fc833b8caa9693784a2a3617a088066d844897a8648b6c410b982f99ef28b7a141b961b623b49c947fb46c940a2fe611c17a0cee98f853e6b6047b2454a98a8af0467c3dd0e9269e0e51fd3d009a0412e3a1af93dbfe03b99ffe82dca1aa7f16580d79d5098f470b7ff77130e94bbb92fee26ff1775bdb1c506c2d77754344f3fb4a0d58ae591aad6720d991644d410889d0a2f483d40c26759a1afdd2378b94a3fc43b251ca23e36eff9ab8217cf14fa3aa21858f7b930a01c94b3632c8463a41d233a9913f928a1138579e01f47395e551dec3bcbbbf70383ed92087c92c341d54d9d53211f18fd0a6269fab90bacbd41d7300b760b235151efdedb186ce21d11e7f7df7548dc12e357e59fe26265f431790e033021e97efe3c97fb9cb128c3402e966a0dde2174c65b8975e69aa059d45a7b0d61a9e969420456cdb7442241d90f4fa44219341f39b7fd0e982ba369a3f3ff33e1d7c6c1210499569a3fea46cda03209124d661ddf51ee8ed0979b1080918674ad2013bd76ab018500fa835a4a6a5020da6c93c4bde3cf6f7f9bf322cc639dfa3ba3aef036d0524ab0c91c1097eacf4d42ad349bc8d1ffcfbfe710e7286270a8d777832ddd99fafbec46396251c192d7bdd465f30d1b920fbf22c48c67273bd5c0946d23997ccb492616079607658dbc1c7e02fa78780214dbb992e7a1203abbfa6af913fc7fe1e320ae36cf12eb612af4f353c35d55c985d1a0bf2841cba2b93c682398dbfae3215cb355809d67b16e26f21ee8015728b5c0a8ad1119a9f0264e293d778fb96cad5477258fe15396f917021317f1d2b224cdb97580b4fba38bd9b36069c812df684ecf4a7a75447db627019cb7f9f21120e41ea21b3769ca6bea6d25d3093ee48ba001eb51c612c0ecbe44a7311e4a7ec5cc3eac5d9fdc91cfea4caf48ef90ade64ce1b652773ecac73e4e4a7e431e72561526eb6de25bf22c911857e40af988d8cc491f9e47f58359281a42b63fe11929106b2597604657d950d390251914889b00a650be68a597fee287c738d74260324327134e9f78a38c48b02ed2fd11177e8abc48d898bf630be6d22ddcddf43a5b1c25cc9ba681fc2dd65f04fc6d3aefb063366664223933dd7e082cad6d539742cd2a9a04c338fc531cc4c329eb40b2c7a968c7cd6cfb0104b003f47f2b2b5154e58f80b96dbab91f682713ecba6b1c316fe5477afe1d4938e0887d6718f36dd47b061a192a740f89af02d731146e11b9733484730a1c9450eff1bf3eefddcbe8bdef7fab77a017951155d4d6793acf862f8f5dba7aee267e0b278ef0f16d305b9f0df99bb16a9f0ccdc1412ad158870f7ee1f58cf5945dbeb90f486d3c71b0f8a7bf083b8da995065e4ebebe5b3fa3a88290f6c9ac84cd42c18318651671fd2128df405f09e97e4272ec0a92dba26d06719b3300b96df0ab82b6ada9c5d1e0f62c3a59ddfbe2967b63e9bd5a3b1795d2dabc7692acccc7d32cc4a25c094bc0c4b26503755b9da424acc24cf05d34d7293a9922df3c37509c648b6515f98f3fef61620a281d7900dce87249221eea83c32fcffce4663388ab95ede8b5e45f01b5e4306331b5f4332d146baff52fdd371d67196e960a3b3be5dc5782cf3f7170f882069482ff2a744619d830f284c6933d4021de19cc56f2410d960b0407e055f96df98df885087b5b9255aa81dc066c727fb46b08273ec2bd9018ca97ecf3b6aec3558c3e645c3d6f472d79e8a821a5b0d021bfe8ca5d9600e4e5ca88d00baecc93a5ed374ec88b02980ff4c8598df50b60d1e90d17c6159550b730e799996f1a42f7b125d9fbc13e81b643fcfd26b065fbfabe56cfe5ec8706cb1318e92c8bc919ee3f246418e35133300631223329360f9383e2b253b89091a4c662b05511720b338c11e87108bb186d4a7e8db926c4b3b4d39f89acee43535e4d71e863de6cbf81ee029e514ee01d28d04f075bb76dec43a4871b0b5086998989bfcf4b08a1873445a144ca083f9ac64430a3b26fcf824323cfc23c82c4970215f2cc63c3ba635c316fbee20f8864ee10b536d3abb019454dcec62b2ebe5a58c73a5a935482e3e12b21357c5ac44f04fd8bb53ba47165914114d0312a587eb859caadc23d8ca706998a51aabe1c1cc7db483386d42b8af14559b562f1663b1b5909580958dbf56686d6e7947fca464de140993e5443909e2ec7179cc6eca0d5f3644f2699bff95d88e5777559d8374c784f7c4263c5852550c956a130699937783e651bb50b5ee6afc351681511f9397c98b1299fefaf5e1e20a0cdc121c0a79658a55d90e968ff276b3115b39a76d5e8110181687528abac95819894b012db42f5dcd4a47d42fae0801f286b38f70e7bc37ed264d4b649357277116a66e377e0ca60bf2a748002cea9ab2bac216463262c943a78750985d6c2c42d851595b235d9a58ef25d29787b37966a244a77c3beba1f8f577176e49c5c6621443fd176c5e823030e0fe3de9dee16f3e14cf637d74de46d09c761e6816d6289b8b8db7d92966c2b98e4122149cc1f3702eb37985f8138d9524ea26c51644dac399a3464d66dcea45894eff72ee57e2093cd6d4b6170a96eed3b2bcdf85cd653585404bf609e3165e66c87cab9ae15f277117b61a1a758c21ab3146a62f621ca4ab1352e3d23732a30ccef964a780585c241dd191d7e90c91f69a40bbd2b192954ef966d643849f59346ee139c249588a457219108389afc64aa5aa08e872324df8d58e993e12dd6ce42b3fac3d77d935a84f23f39d3542b61a75986536ba48d5b37b2e5d9614b4c6102e6a31880dd4305f8d032c34a8d40706aa4ad5e8c82313f10ee00df3d9ac72d8b23dd18549b666bec6d2589a7700cac8d8cf0e5c4238d89ecc82999092142b838e8da5397960ac4edd1a8db00c9336587c41d3400cce10e1ea01ef41d2f8b0154bc49921371e48070aefde10873e110573beeb5a06b0aab0bca4101ab39b729b101edcbb4c5e92f09de42311752c61148b58808eac6d2ceadb4b7648586076180b01733323c5d1aa142d9f5cb5ca11c942d37ddc38aa9670c29ee507a3212263433406312cf3221f110fa45dc1d73b78bae8e3577d4c4287c5612d84ecb2544706c286f4cd8992d7f7c18f44c2cafacc23868f7ef49a67c22dd07cea543c52ee149252f37e309f0b3c3d0be135f4f5895c09f265cbadbc77219f70d613737e9ae3ca642bdd6ea60a8bf3b72a53915c2a5780e99c914c92bf82da86837baeb2e62657ae9587b2b144cfcb294a9a854dd0348abce561ac32bb2e1648929d3c87a2f550eeee4084f51899919205298ce91f371ad9fcaba39ff34675f6634188ae8b6d16b7d5376c93b6c5d545bbae8ba2250d8dbbfd0b8f8ed27ec21147f4120913e5583912e81335ed31cc73a99880a965d92570513942589f04bc2693762c656897d41c95c7000077d61f16357bbf277a01bde4713897d9f69d4abfdbf85bd7e5508961cfdc7323e1e4c4ba84abae2bd2fd2c9a50a11e59b2f8fec2db10724cbbd585d9ea4ff883db2fecc19db035d91ecf18f4bad42c1db3aa20372f97115d599b919acebae028eac12399ec20de78018ea7d507fdac1ea90f0d945cfe0af23017995cdecd251d4de4b0830c744544f9794490c10efd21221a67bfc7c77e1ad5e1e8b7382208724ead3ae2e38ab18f2bc6d62a8b83e96d3d64f84910da8d661604e3d3207ce7ba0b6ac066303f44c6f4f7414dc3a1fdd7ff5980efab526fda89563907b5750776bcf74f73e03367decf13eea932b66dfc8f15515278573afc379a68de21390219f10746d20688a4e3f793e93489be3288f6a40345ba219764964bf7f70bb4df59cafd5abc7ce226e125d277eefd89e2e4cd83de9434974920d50bb2cd54c900c8d486b7e59bd0a87bdbb0fd475de1aaab2b04c5056f82ddfa9a953f8fa1afab0bc4cb741a460199f57832eb02b37ee802bd581708c14db61807c8aa136a1734139e61b3555d5d5697bf93815abb33daa54181ec4056c664553ed965275110a40c2d0ff829469fc243f507f683d753f09dcac0770439f4537c6ec96dcc016b86750b46b25451e8f30a7d03621363b3d6b3c35e272b3db25b90f4c716b8524b867d249631fa52140df96c7a67f3fbce8ac63a69477ce36a7104fad26e263dd80ef09642c58105b04357172cfe2d73ec6dac7859eb637cba3ffabaeeccd63ad708bbf0785acd1cc67af9ba3af984be16e2cac2b64e4518e63d77325b3c8cd87219a35d169012242ec1a9fb75bb419f69ca640c73e9cda09be2a36b173e6388359116a7e323d8f17673bba86143ff72e735214015347eb5c26682dc485ec63a736d3814b806b830c0858671e80f03ab7d092f5e3f7378af84f9e602a31d72b3825299cd3375872e4a0ac9e7ad8acd65621536bb18f9bed6aa16a9e8e94d850b7ce386204a9acfbf7a28288b0e2ffe00e13e5e38fff651b02c2bf563ada7050f5639ec0c3b22adcbf5487a00b1a93f35942f1143d727a094aa2e3716e90ab7802dab201803015f362f93d7c396d8b5c15e083e4afa1ee51b50c8485ef9b6e030abe7280cd5a664422a2bbf066351385404e20af318308fc0b5ae1bfe3c72e384c052ef0e6398e5add8085b75a5b162344668b599ccf3c57a5b3aa6016ed1b39113a6d00d7c766cf67ab651579ed5a0ab8585c43bfa4eee36c83c98591d841083c1dab44c5789d9e4f68c16da113ea72dbc2db172ed211db4e630fa7df7e9792ab28dff2dddf60f4f6a3fe19f6a51b167c7c77e2ea2179199ae650a3872f373300930d994901df79f286095b7e99bd680299d8dcaa9309d6dcc89cdf87f681e4f22c914c151642b64328a92f83bb40f5fb59127dd546b4ef1b43759cd134f32bab28ae14785b638514cc2d8dc8424e6777bae3517b30153b549ba6c58348dd767e7663319395b79df6ff8d077e51d335dc7c73e3bfe7c6676eaa5217071104f97d04cfe8eaa762fcfa8ec1b4e1f21bb2da3f61755cd4fa84fa8d7b32ad4e718326015edc027af5a9fbdd6755b105aa8af00598fec1702eb43ce885f63c3d5dd5f02ab22edbf1df698eccdb2fe1f9c1773c7b00d34e1db3c885d4544d5f6969ccbfa42d79416b9eee9adc9283663941416550289278ff9c28a8a1266b3a98aa7e92acaa6baf04d0eeffc6ca852e535efaf3dc300d093ad4fcfd426018da70ff9acd434ad2b3d679050a74a98edef3f479a7dd2ff7df1caa993ef4b57969e9c236a5c5f817777bee83ec8f505b7ebeb6c696ccff432a7b68cf42853d1a03ab5d865b4c1d7bdf3d62e379fdbbad792e7eeee3cfabc3357f85f5fd452180a656e6473747265616d0a656e646f626a0a34312030206f626a203c3c2f4c656e6774682032322f46696c7465722f466c6174654465636f64653e3e73747265616d0a78da6be82e0fb05fff57c1fefffd0f0c8c00354806ec0a656e6473747265616d0a656e646f626a0a34322030206f626a203c3c2f537562747970652f434944466f6e745479706530432f4c656e67746820353038382f46696c7465722f466c6174654465636f64653e3e73747265616d0a78dab55979585457b2bf28b7bb54d2ae17e318ef45478d31aeb8c4b82ba282288a1a15143716411005bab1599abdb7eaa6a141768506645391455140c52deebb7134a3e6cb32134d8ce36431a7f38ef3e69d266f32937999796fbe6f1e7f34f7bbf79e5355bfaafa55d5b94e9cb333e7e4e4d47fa5cf229fb58bde5e18b523366cc7d8f95111418edb0bed6fd887a08b68efcdd94527bbd4cdeed6dd3ec099bab9742f7371a66fd090379cdbfe43c10fe138ee566ff6ebb4b42f717619c6ae0681cb70c70d4f97119cccc9c9a5ef205fff4d7fb3fdbca0a82dc15e41c1ec46acda236aa73a3a2c745bacdba8ad6fb97947c5b8cd5786a98277846e1ee3e63e61c2e4716ef32222dcbade88718b0e8e098e5605078dfb713737c76e3f5e322d38e05c3805d79bebcbf5e3fa7302e7ca0de4067183b961dcafb9e1dc086e24f726378a1bcd8de1c672e3b8f1dc046e22e7ce4de2267353b877b8e9dc7cce835bc079720bb945dc62ce8bf3e696703edc526e19e7cb2de756702bb955dc6aee3d6e0db7965bc7f973015c5477cec921790637a31bbb72665be770a7b8074e439d36381de936a49baadbbdee8bbbabbbbfefeced5cecfc1d1fcedf9679c952e4dde45ef297a0877b3da6f4b0f574eb99daf35eafc5bdaeb9ac73b9f29af05ad16b7f52a4f55ed0bba9f79ffaf8f6b9d0b77bdf8a7e2efd96f7bbdc5fecafecff9b015b077c2014bababa1e1cd87fe03c7bb282a6dfb5ab85afafb5ddc70ee80cab0a113761d486ec1d906bdc67c020c0c8f84d1b3682229828ed7e423a2a751a1d14aa8d81e80bd1722f5c66da9d0533e405e61c53354225b6181b1170a171b63e0d1ecaf405988356c0263c6e6a871cd94dbc975ef20c62133698972184cbd8ed422c069bbc41b77f8ba8a0ebf7912d82c564c55c8462bc64a844f80d5e37593f86a4d4d5b80061fd74b448c8fed8cb96cb67849003914de2e1faba46a939a23e540cde1e1124297e6f9f45ca043276d9cbe9a20fae1f6ba44e9045279ea63d7e6b844be6f3bf4332005ef5291688d7776430992d9281df8ca50112f5184987534f912aa8d327244452d0a9a4cc556bd3d5622d18481c925988509a751ec5c893bc4a46574fe52b96f095b987f36bf32037394b6ddc09ba57fd796310af086c6817d6cbc915d95d73e9413c04586028d4e74342dc4ec31a04ea2343524ad69139d29d75f7e94871c2d4305f29ac3abe462cc692ecc262c8683958d58c70b6c43f4042fa0e1d4da539734051641f61df2994665d44d1dccecf9005edf218ed330cfcc6ac1b1ab70c8a1378a297e9e9029e0c94257798afe155b0628e3107e16a4563bdc49428624aa8954118c894d8eb5adc5275a1ee3cd49e3b78b6a61110d30398099954cd2bb67e657f2c2424f36aaae7f3d5fcfeec7a73bd163a32ae6f43fa1ae8e880b1ab272064a2ca14970598b5ea8e484690890fc95c0989277db7c92d1d2ca41f4f66ca5e9ab497525b99d048f446505c22973b8453b5e7be94be09b9e02346e2464d7206ec9453972a3af291586777119e7fb29abe2ed1d727d15e74b448272d25e3c950899c20ee7f20bdc4aff1e9daf0a9b0bd6361d9168485b86061229d082d151da5c7d9f64de4d80fd305ea3ad373a484be9d5e57036149d4bc793815c67cb298ad266fbc7c4c40c2fbef5e9bf93e34573e3e8f8fe143cfd34345df57bc70d5ffc335b80296ae0ad928be137dfd8a84ef57761cad805892209cacab392a9ea80f5b21e1d2a8a0d80458d3ecdf8a27e01f4722b139ff628012ce3edafe54c8d89772445b03ef66fa84ab170155bebac77f2963b16dcdca833b64034fd4b20b7426bf67272a59dc91c9324d7972b5a609e876b24ea0deb227640fafb84c7aba92893232e1c543d24fc23f2c3d39a3122e363677e079c07b8b1fd0113aa0abb57cba8acf4f29d2e06478b551ce8404e9c3814c254f8447ba9b6b90768315c17e53c44db2cc0f4d04b23e63ce2b166a4dfc6573d36a5c0e1896b461b712d4961de6388430199ec9be876781e5692ecb6f059193ef3402196120fd1f85102708f57c3b64390b30d18bfc8ab84ba4ff19d28bf4111f9c98b14bda97c87794575fc17d1073c2bd790c7b6b132b09a368a844d710273a986c1015640979ec4ad6907e642c61e14fc2e8a4efe9743d506d9721953b4cfeb8055e45c85163541ae381e8ae09a3648633c64b780790f4ca26ded8060d269ef4b53ca7af239d0374ccb469b3444536f9def55e7361a7847b8c798622d0c4c7ea92980e1e0c781de961fa16eab1c17018e1c4d1c2138e97f20d85a056c7301700ed2bc32b5984cf3a0d9fe9f86643872a27122a64452dbaf6d8432ca5f53c9d2163ea95c6646bcdd3e05520c3d9146cd8068a5862724daf349e666efcff11835d62c824bbdb45c181fab07f19757ff1217e5cd696077b2d45e662879e78c5540be68f4cf9961bb0b330166311360425a194aee48be20b93710ecc91e39a942846c5335fb892b765291546e2862f990346649369d99fb2553bbb566d72ac52f185ea22c72a7c1564dc6a0c67eaf6ffd9b2f7e5576710a0f38fcf07e22d53efa15b49ddc267f0fcf3f3a75b8fc0a1836535c58721312fda1289108a219949e990a1e62d99a60c4c074cd6266812e13ddf096f2df70233e965213d2db7ff370d944c81ff94d96aac67120f438c2c33d22f763dc29b32fd397c8437fecf86d8dded9a6821af26f7705e0d903176e04bcef1597e7cd622e3af71386084311cc3c0e8cd336bb57b0d35c6bd9049e66492dc3dc40796eac659d41b419792b2dd8bc5e92eaf88a181146005194815e452cc17b0bb283c2bc2617244a6321dd2547c96a1405bb203f4d3d3686332dd050615ff7b566a0db55802e6ab6632cff41cb0ca78ca580947a9fcb734a08d76871c65c5c60b1a06bacdfe15310baadc952822c69d555540c811da491ef95f80704b405a521a300bcba3ac4a7c8f0581e7680947237535525748907f264bbf62f81e494fc093e6238cfbb0d85861c807abfa903f8b6d3bbc1ac77f2ad3b71b6ee27d86dec41cb234870c8234ab3a5b8d10872119a9190e0b4ae34aa218abd09b861a56c9891ff9cff3c2c757084fdc24327506797dbc38650975a69244c7dca7c39f8bf9f63f0b640271a53c8d927434900ea4e369080be2c1542232b25322216428ab3fab44c54582ae69c78d2ff105141a0b8c858c3807935e9f91be8c46dc69df536e06a0e15d2c52becb12841b817528f43ad2e5c0aa3691ec9e82e936de36d7429989ff2afbd83bac702cdae233594c460d266731fcfcec3d7e98f6b7da2c1c4187d19991d0eef930f811820d2bb03c0f225784ec9a86301edfbe91c418910eb2d05f1156f423e0275d535efdf99f5aad78f9575bac462b5a8d9093999b9e930117bd3e9c74701e90058cb536b66d6d8375ef8774047540466e5a5e6a2e3c3a74e1167e065d069ffc1f06bf4a93ff8da9b77e3275dadf9b9a446219a90ffdf277df33ec02e8d50348fac2b953a58de271bc1b695b08155abea2c2da80558045c6027d1e44ec5d7968a2c32d8bde9ec0ba9665a47503bac122eff875e26a9c54af698394446d0226c28afbeffd41549c22c1aea683a616b4b346b3c650a62f8249b200dc16ab8b8458596aabeee8c116964f193c0994913156fee056dde6d44dec91ae6e5b4500b29775930c5481d40570a889bae5c732ff08f681d1824f21bfbc20f678a60dfcc990156452001902c1a4e7f68a4c33e495f315b987720e22e3e003da7df1504b8792def48bfd4ba09e080fc8d856321872caace56803b4a5972715434e096fcb2bcbae7078779fae2c150ca1095e49614057bddacc2beac89f5c339b0dd71d8c71cef43e3603e943d6f2ace1ba8f95a02a8ccfde8d108f3b75715de99babc971408089dac4f444984b07f329bbb5712c7d7676ce22c3773c044d69983514613b8665c6a53a56342759a2ce8f84678e66203e3b3d27134cf1188e4b00b71857e23c96980abbd75d21b90a1f32e1f8c07c80fdfb7656277511a7b86ff196c2abe3eac57d58662d2d82b463d50dad0897f29779481867541955b03b5b95a5625ee3dff27b4bf26e5bfc526cc34b955527c0127530b01da1114f15573aba743dfa1bd40dacac13770183708d3910346961715b59471056d326e187c429ff981914e7be392b946dba13fd9025dfcc4f58311a2c9179233e1a216ec6f5caa868b0ee3535e730902fee6ef016d7fa47a2a496d7a4576cc4a560b2eaa82fd2fd805b737615c4b0f5f641c2bdce69b4bf343796f67017bd526f3a72f98cf90ade8392fc722b738a22aa91240a74f6f3b9c44524f267971e3b3add7c5d01ac9beb95c8187db2ffb3a7d2d3635fdc16dbd1b6dd14068589a519250807eaab1aa58bb31b268874981b75a5ee92e292fd66b330dd9cd9806403cba0697b58d35f07988d16b4c0e79125abffa2f019b57e8989f60173607ea448a74da113e96089cefbe3e26fc493d8666b3e08a5c12df1350827b1699f2d1f68fd5161fe9a0f8820ddaf243d3e15abb136a3321390cec660d6cc18a99c8f4b52ea589951d83793034285fc443a9946fd443ac49df6a75324339dfdad2791334ce548fadc8e22dd98790be299794bd1a353ff2d603ea3e37c20d17abe0a6de6b25c60b57d9170012b3d4ccb60a971a56eb9118aee555c3bc764d09924c86e164c6c3ec36cd0dee419bd3866b5f6e28656b115f3a20cbba120ad50c708b4aebafc8074747dd37c71368ede9440df01dd9688249501b4913ce2fe0cdb76c84d316d617d334ed2d1ed2ca2889b2cf1868184e23770415e8a363dc3fa4e715d9d84b9acebb24286265caf614a5411f7270216ef29ccc985ca8c3a2d438b74ffee2e1924e1adc0f6c422309b2c68d5434946091b25e1704dc961d62ce9f3b58590a48a31b12d66c9e2e2f888aa2d7b8259000f98348af212ce6af76b8f820daac8300c049cfc8de6a90eaeea6f20ae85950bb6798babd756b3602d30e79aad10bf4fb987c5feb670559034937041044496bc03af128e715e28fd960af8393cb5f7102e1d9a4bbb4b1e61815b45dfb0fbec7147d59d0e51f1846cb7cf17cc2fac1f62275c4968f412d7aceb0a0f5b666d287a80de68a1e733699b0312cde7e66748dce094bcbaaaa1f23c6bfef2378e9770a66124ce84f8ac4464c3892ced96e132de042c33915fe37eb8bbf2e234711eae5c1b12c47c164ca2c80ee1b91c1bb30f633d7426b6fa890118a28a4d02b5dc74328d3a4b5afa052b28b2d43bc63bac06d3a1f659bf3c24d390073f0cfcc547a5f4988057a31b77b15e508e271ace8a5fa1923ae93d41ef9df510e99f814e1839dd5d8cc5f8e2d442b86a3a45007f0f8a3b64070b5b66601ef161c3c7cfc1a80b357a80f6d5970edd521ee065fc1ef2cd8d0b2f8f819665ada1375890615b76fd5e2671540115c88ed0567871836fabbfdc8027a16c777e8c18869be353d2999db95a8b1633c0a8498a4f4c66a08410b52b83f64b2443019f99ff68b90ee6fda64a2cfb257fa0810ea19e12ba1bc71946b04c1b6caf718d277dac5fb36209fb2b0e9575227460e146e378f83bc7c493bed66f904c06c3ddf72ebee3183c17aeda110c09a7035a1621cc47bfb521c160aae133eb54fbd95cfa935b103bd38cd4998dcc57786384c37e9d4d7fd8580edaafcd642c1e83ff0e865f90aa78d2a5ddcfe532496b7e94a4ab51d66efe37493a4fe69166810e3c45bbdd12cf1c674c2e91012b5e788adebb467848f48d2d029bc1bb11173256644345b729748e444750ced1888934564bb42592e21651d30c21e5a6e981f173b0696dbaaa9ff3ff703110d747eeda05a6cab8ea75087efedb1c9ea94d2ddf6af203d4d39934401a26c7d58655980464cd0f33840f3a67d3bed23c1585896214eeb4c4e480f11c8f6480e96bf36328cdadccb1311a994a625d931f18afe017f022ffe9476239ee4bc9d9018cb18d59082d55f587a403cac665a20fface4d0c01f33e4b1566418bb26c4b57f6281de015ea9ae2f14d46c743b47404eb4d15ef92afeccec2e146fd998c0a882e0eacf0600c239bb3f42dd6d84c24791a9c0d81eb1203d9a6d35b751d909ecc182d097c6faf782212fee30b8e9e692cad2ac247d0d65e70406cc20bbb6d8b58b8be4662ec1f0b3364fed3d61a74e8e0d08af4c2d4223558d3ccc1a8045c943a07e7c3f0ca65a4aff83b7c7c79e735488ef1d36c435894fde8bc44948c510ffe03461d27537cf21171124c3e6796b3eafb5bbcd6dad00696d0aaf72e221cc1b3b6fc5c56c795a8ca4e2a8084c2cc1ac7290151996d580eeda9c7178adb3020362199e161cba88dc5d1806f1a66613028a3b72a5721f8ea6e3d64d46cb98e97e174ea312ff6fac6b8d8c4aed8abced81301056159a1b8061c03433c6e0085ca1e60ff9590672b69c66a284b2b8d625edc96a88e672b0a32b253300150991e93190f8be8623e5da90d676d90213bbec5900dbe6466d2795d05249d89ab5beee88682e255896062139fb15d75883a41edc4dad1b513c0a22e0f3c970a0da97ce547bc825cfba1f65f92188106d05b139afe9944b3d19661db0cfa446d9c36193cff3daab26cdac7574fae195f33f9ef6c88229f3a8e74963e5cf2c7e54f1cbd64bf9a4a3c0b65a9a5d17f35263733ab6bee4d48de9d96021b56f3e969e9094ca5942a7ec3077c58a7a98d4d1fdb30daa1895a7e5253b9e4f02ab83e8aa7aba886274eb2cace96134d2721db9a539c6d85ea8083feb5816034f18a78926a1210d392f419b07e389f14161ac77275078617684a2069e1917517109ee3e1c70d9f0009b06bf8bf409df157a8cd6afee758fb744196f1236471ff0a64055bda92d82ac52ee27d8369555a945b086427217c617969217ba0b3f1d426a34373f8eddbf2deb5a6824d66a93b5ac174244364e9ba94245d267850d9343ac083ca21253e51c3165976f1a4494686ca0e34a4fd26630f2865bac8cdb14c0d45506dd70174ce8f07d0649bb112e11aded953701792d3569a1c27d034e1a72368c7c78e3ef6c12e231d5f321cdf2d06bdd12fb1d8ae29267d8b65747da55cece99ee9ebd2a3ace7fd5e652d668b8b8b3d67803d47f82fe7c564f00a656e6473747265616d0a656e646f626a0a34332030206f626a203c3c2f4c656e6774682032302f46696c7465722f466c6174654465636f64653e3e73747265616d0a78da6b606060d0e2b8c4605f7f3f0100111703820a656e6473747265616d0a656e646f626a0a34342030206f626a203c3c2f537562747970652f434944466f6e745479706530432f4c656e67746820323831332f46696c7465722f466c6174654465636f64653e3e73747265616d0a78da9d570970146516ee9074e7918481a89345d1ee10504001b95959259070cb9140c4880a0613ce842137b9864c92397adef41c49202127843b080191630141844204440e05a52080828a2eac80ee1bfdb35bfb4f82acec96d696555353ddfdbff77defbd7eeffbfff6130202043f3fbfce1362c7cc181bf3cc18c3a28cf98bfa4c4b49484e8e4e589cee5b1be57ddcfb0486c8de8e8257f6f32aedbce1fedece012c3cc4bf3e24807560737e6efe59273e2108c2a58efcdf2f22f4ab90087ed1615f4877dffd63214f0a929f5f68981c97b8e0bf1946261a66278d4f4ce24f3372a20d8b73d2e6cf9d9711def3cd5ee1130ce9e15199f3b39216cd4de81d3ea05fbf417dc347262787b75aa487a725a527a5652525f66d830cbf0fd976cfc3112284eec253426fa19fd05f18280c11a284686194305a18238c15c60b1384178589c22461b230458811628569429cf092305d7859784598e12ff8f910144169c7af02f8e23a3fc56f85df37eda6b73beb3fcebf22202c604ec0217198582d759626491b03bb06ce8110a8866bed27b63f12240765067d1d1c177c3124de8bba6fe8ce4f2fe8e715c5bad38601cb6ef946fc547238d1a579e03ca588942f9d64f1a2dbe858ea2802ea202dad33ae3135011be5ad144b562e7ddbb2061a5a7ae8d90ce97bda26ea28c0fb21f5d6cf1d3f243916813d13453da89f42611f908e64f9abad2352956aa3b8a56afd21ac87ccdd83b60de65671ec11d683252a6cf26d1641313285de3efc85821e7bb9cd033a27f97bd7e95b6607223ae6a90b80acd296f7f19052a196a18c6663b2cca64a76cdaea106ea09f58ae332ac759c533d085bdeb73f60d65fc2e32ed23bf7c3159b7848dd99e149813a69f9723c97be0658a44d644f4b25b9e2f2dcaa7c7c1e7497c910665a6927197f8063810d06f1c35137598ffdc3801469a99bc551d5f0db4029945aeedc7a124a3c19ae54840c4cb365170387719a353396001acdb979b9c0de644b448dfc5dfc771d9694673b731092928da8b4311670466c49b4cfb32f001dbd48fffa69809e9ea40e4c64c98a95bdca3ab267d90c5eac50a6278952147a931ee506e3e4c27ffaebbf3b4beda99b42cf0da0c7bbcb4f473160110a7bf60aeb497eb2ee104fc4da68a34eeaf7506bad516b11a833095f50478586b20eeff490ad68432b071f671679384d338bd860642f8063b83a1807415e200da5f7f40b31572b28052cc5655809781da9abb3090e6ae231edf24c640fc39017a70f977537ff97ed78f4df229aa280ba4886956c0c15a657c0a5c64367f01af8f8b7b7f1b38916f863e46f20d3df23a724ef8f94a247eaefa23e1e7a148a4a735cbcd2d9986d3195f8f06bb2cb17610cb08fad0b51b644454fee8910d36715f550907a213de7a64ebff57ad810e7102d12dc6cf4add7e9095ec4a15fdf26bda25b4d27bd3bf42925935c991380c5b7a48aa72587c667c805272852a499d261d65774991c264709503bc95455585fb401586f6f7fd15c636ab4d4c30af6899e454a5f50a6a8735c0ba36e1285361fbba5e0c5293b27d4c2bbebb636e13ec0c3d38e33c90a6ca055341bc5650595f938115a24df6818d454a0306ad05fb01d49c27ef06af2eb83e438c9760c3f775c853d3bf5af4bd8a8ad756c00c7665c87ab608774d0b13d999702672d49cbcd836c57b68327addbe5b5904e9f3c3d2af3155fbb4da440eaa4dc3df02d89f2854d53b2944a93d858b17a3f564376d3c88d23b8cd73cc9f8bed3085f5fa92010d9149b8b6f7b4826e7ba9cd0dbabbd4144603ef5028f5e7251ecec22eb32e365ea6d61456a53966e3426811780a6693828568b417004ddfabef25a9bbecfbf030e05d37f5c1b5b05b1329c875b5abcac24165c151232379b0f1b7bd91fa96f6f70b3047dab8d7b95b295797f1a1b7142e96d980366d70807ac07ec4711256398ed8dd081bf76a0f988549b8df7553db0e1fabe25e756b8e271daaa565e5f851563db09e5c1ac2a4b68a2fe515d745d2ac30739d7d4b1bec89ff03f6d4af60cb396cf63dd83ffd0af63f79e8688cf70ccde57ddcce4521ae6b905b9aedcc4358b0a81095368742ee8069f8b29df7f236c971d5d5ec3c0579f7cc521e346b09b427db53e17ba9b8c64eedf0326c0ea46d123e63ef8dc580b998ef2c809b52510db62eead8344a08fbc5f45e08d77f131b5ab1756c3ccddfa3c71df6cf71d73d27f7751e7796cf69e1bdb8cbdb9cb485c846218b849e59b3c6c929685ca1d64189a3c46141301464e62869eb0d7f95bf45124f38f80cebd6d1ecfbf1ec0faccf10df9b7a85b5df3501e821c9e462c368ceb88b403134baccb5e92098dd69ce0cdfc867a93925c0599d16cd82664093b9c068e422c726898e6baeaf9c677f27a7145f4ed1de47c3ea6a9c1f165642ae64499f9f138fd087f7251ec5436d3906ff6e615a41e89c373a57dff0b148dde853b1f68088455a2a1a411be1627e36d61decaf8ab7256ba55a6f5f01b61b56eaa65107d02ea9a5ce1d10679d6237268365a979111bdc120a89e75927da95d90c4bcb0cae2c84744c35e75b7c496a6a79714516d8c717b31c131b0daa513c25a9cbec355805cecf1cd44ffb0eb0d2bede5e010e6b99c1930f24b30ba23bb76aeece621ee5546f258dd0e77a16f0d6c5824d3975c0ced3cd8d86843db0c4bdb0d8d84a529bc149df00c4e92f28381cbbd9bb8131f09454f2aefa77bc01b85d7b07df06acb057a9e5e0c9df380fb9489e6777c42392ba4d3d884779d142ddf494e74728f62c71e623e460b6b5c8ec83aeca2b4bc7d780b9550b721d17e982b749cf4543e8cb46f20d7020f3630f333ef24c60813768a442c3288882a99f6c6ab1e89b8f5ca740853a47fd30401e3a65009314d6e934b79375669a11665b63fb4ebd08d5b62ab58a0724ddf8e4263f9244340de6fb8edabaef0db6f8c4a8716e31eb8cac0b3826a963700c4f8d9f5eac7a0316684637a007cb7019e059fc877303ec718807b5930bf04918fb4ae27859b78de27d3cb75a792a7c3c87629b8736c6027594d26b585f8acd2a8733abf67d8067b84c33618b8fbc18b992c31f613e9d8cdd60ec741ff3008a35ea29e0f3b3cd5c5effc22a2af97165cf8eea6df2663c9a5d37156a6ce2aa7afb41731da457ce6e188510113b72b482ac37d916e3d330f52563bc1c87e3d6973480b9c8968f4530fba3c473b26e119df7aed553b05b5c6f289e6c2e863cc9ba7a6e2d1f8189121659d8674ee60f58e02cd44cd043aa0cd42851a519fc8d6383bdc1b6825bc5e3dc1c6b3af73397151f5dbf1e28d8c24f889dbc6f511457b65017ef85fb8d908b59d6e2d64658f14b23f0f0644b4cccac2108f1cf5752104f2f18e931f72dae2a193e9f058b1f50156461ced1da6470b1ae5f267253a0ae979aef2abafdf451ae3ea1544c28cbdb62a905d685ee880bbf4e5d69d1c05329567ad67a5623d46383757921d4ff9902d8ae2d23798bbbdf5abe8e874c9bc5b25a770dd602565baa8d953e9f15a56b5c750835586dad2806fbc225330ad3803ddf02a22e79c7dbfa9444f1aa84e85959b90abea487c5b28a8a06df247460092275e22b69f579eb8075a53cf10752c4951b1af77a36f1894e732df14d44aed558ec2b44698966c242c0cc9c34531ebc36412c2a2829e0388328c2a5a5bd0ba665a9ee4c844cccb4e4b7eadcc67ccd7860105c62b2a89b4c3bc32c8dea7b78107097633736c28f3490536d3a8e75905796e92a4028c01c6b6e2b5555a6d560cc8068d65e34e5597c24861dd114baf818142e4ff3e94c0666dc23692c2c4ddf370c9ad963bcee2eb3db028e024cc578c005f699fc34610cd4f9becd3a79bb843ce5fbf2f27d687538f5507e95d75845a155127b6d75a01c34c03c25a47d7dd0f9e0faed9a2b24c45bf088d7acff37b05a3d520a656e6473747265616d0a656e646f626a0a34352030206f626a203c3c2f4c656e6774682032302f46696c7465722f466c6174654465636f64653e3e73747265616d0a78da6bf85e7c40777f6c83fdfffb0b002d8d07310a656e6473747265616d0a656e646f626a0a34362030206f626a203c3c2f537562747970652f434944466f6e745479706530432f4c656e67746820343930372f46696c7465722f466c6174654465636f64653e3e73747265616d0a78dab558797854e5d5bf09b9c301c200e20d8b7a6fa4ec4b64150541c216760804081096980059c81eb26792c936cbb933933d937d270910b62c203bc8a20822a2a0fd14b06aabc53eb5b6f50c7dd3eff9de015b69fbd4a7fde3cbe4c9ccdc9c7bceefbc67fb9deb22b8b9092e2e2ed242ef354b172f9cb0382a323e3472d2d2f8c03da141ce7ff8389e77bc80eeb26380e0905d1c8aabc3b39763a85b86bb2bf374ef55ebeec656b25d7f79ff2f5af1054110ee0ee07f5d560cfab5fb08fe61c8bbee239ddf17ba8f12342e2edac1cff96e0bfe070bdec1516fec5c1abc935f8a4f5e10159d1c1bba3b24de736cd038cf6551719ef3f78626ec8cdc1d38d173eae4c9d3bd3cbdf7ecf17c2c11e719bb336e676cc2ce60af27fa3c9fe87bf285031140e823f415fa09fd05ad304018243c230c163c8421c2506198304218298c12c6086385f1c20461a23049f0125e12a608d384e9c20c61a6f08a305f58202c1416098b051f6189b05458262c1756082b8555c26a618de02bac13fc84f5c20661a3e02f6cee25b8382dce1466baf24f6ec254619390e132c165a34b9e4bbdcbaf5d3d5d235dcff51ad36b53af8fddc6bbe5b87d29fa88e734bd34a19a3ff47ea5f7af410ff7faacedd3de57ec1bd36f643fbbfb20f775ee5ff75fd5ff3d6d98f6cb01ab061c1bf8fac0e4412f0d6a1ff4bfcf189ef9fd609fc1e79f8d79f6ae64f6e8ef28d4b2761afa689e54569abb57c16dd1912bfcc01e2792eb3b67efe0193818571f2f8747268729b9aa01652d9be798f0e865298ac533738fabc27cafb2c1a5f2b8b53481962a544753e9535aec14bbc9a5aadf19c11629ccc1ccac3b5da649e4478c9a157a752d0d6182ac9d46c58f5ca5ea033507b10db036bb3aa10a4cbd31252660b72f988ca66c4430948a31ddd127b62364619629d300e5b9ad5bda5782c528e66856e272ccf081e2c20396e3089558833566480c4d0cc570c0c4a2a4ba14b0f4c6aaa6cef62b905f26225ab22d06d8b7b971eb2984622cb194da4057107d7af7db6028105b356fe18582927720333b005722601ce6ca1655b57018fc988e1ffc8f0f694d3d854a36b5008b102ab0cbdc88701d3f3034dd065dd63a75214200ae42d506c87fb8f8019ad429b5c63546ca117171914a44635c9bdcdad8d8a6686f76d05289e2e8795a413ef2c3f756b2a10a0b6143993f5b234f5b74995e50680bfb85f4c0fa7b1a8ee40d246cbbb5409ef01a1bcda62b4c38eafd3ed7bf845ef7c01a755f412b7450e2019ac31db256555ce56f295d62ba862df1162bb6889f368bc559b6d8ec5078b56796683688da8d851e45c745a48bb4837c955369e7fde5c05d21bb95ccdc0c432642624a69bd72e9971d5fc8e47668c11285ad66d7d97a55a6719a2fd16eaeb0039a54139a2046b765b6acdd485e8edb52b24edcc042c48254114badb572e7fd48060a5bc886ac1d256761b69aa382d1f446b74c9eb4e4330a5448617dba5f959ba9bf4813340f0acfb62a69ba74752a8f49a363d8a3c9d2a98f63d72b9869caccd541f201bfda20042f1c312d882d848eeeebad97116ebd13385661a3a6b017d95479dcb20f69a44267682bcda671329bf5d7bed2adabf768a87227e4e01a793706c6874541ee9edc1db803e6d4ccbd296b27df8b930266afad49a886eac21afba9cf815a1c812226ea46ca6c3456ddb2b741b1ae5cfd1281d234f61451bb9796a74bd49f06dea6e714bcb5feb2ef05385c4bae17f07bb8b1e1cc7499f57b69197353707dbbdf8940589fc2dc5e43d61fc6dd0fbe231fa2cfa44b9bcf04e05af0dbb06496bc3afcf815057ff8d5990315a0a768a9e4fc91b60b0897ea4376283861617464126ced083986c701f3d1a6e683b6ca43b5aa366b0110508448719ad2c5e52f5a130075960c731690a8c9a9c96e321e066f875d34d6198e611384646dcc0f9a05ec7ecfd7a2a397e3aa549054cb2657315760eb345a1ae868a089d296a553f7ac4560fd363da47e0a4dfe8ce7e56cf97ff6addaa3a0118d662394ebc4231547dfb2d542fa89b9476772d960369fcd61150a1b7193b992974c5a92ae7dada00dad660b686926593c6803cd276fca55e815d6eb011b2eb3b83c3133452c4eb7266332607c5e9c612fcce8d92ca29abb3b3b0c28e5bcc4fa6aea69d807f46df91d78cb225ad08a161e01978fc6b3610af363c3d9d0d1b23691c67a981a0bbb550b945caf7850791f9ad50f4d050887f0bcb9f42db094998b782160b62e42665e9ab2775b48b29f85fb46f182e9683c46408dc65e5a7e27b909d81ca3c8c66ab252c482147b5aea6b30ade70d51e7236a699c63c9a3a9120b620bd86c6657d8942fc6523f9944bcdf76d10665bf6afeb6e23aa4142771676057980e15aec39659a8c728c03453525e34a4cd1571555ab83c6dce47345aa1787a9687aebffce9cf9d2cef3334c5032d662be6031e6d206df537d04c2f1ca431cde4f6d85e0ac24ea73d7d8a98efb417fdc45e144ced09ce09e1e7a865decce51529c792a3e62284c5c744295175d127651290e44fdb6936582b0fd03c6bd53f29763a12ce15673ea5d89864880253fac29e41e9f3209e0dd8b5e27584d0acea06454ba39c386dc85bdeb106eacf71965d132ba3c4530b3f6463da67013da3d1e7b31154ecf707a0428aa92a3efd1ee415ecb5c520ecc558634236701754836a4403607a56627c02f0a992243650af26ea55f7150795fcf7d37dcadbbcbc2da62c1ea8e0ecc7de2ea2fff568aaabbaa5af82644d46c48e785f9ea0a2a6e862e5fdf25bd0442fb4d398a6c72e3ed116fa24564529a5e9e9afc1949ee0dcc76a1cbd1d4312a4ee0722191c23c483d74563a631dc9802a95e096cf82eb60474ab451234f83825012bad75960aa8a63eadb4703f4d84ba3f588acbcec3f2dcf5e6bd3b212b35298c35f74443cc6fe7d25f73bf878c9284fc3884684cc849c975fa6d3515e98b6220e59515ecc87a160379a9e26d0daa5cbd0a68b7d6582b39f4be97a8b0fc7be00368b72d191ef48c13d578fb8e37f5bcc252c8cf1124592b2cd5580ad6e4a6ed3cdfe9708faf78415370b2f466f95d68a3291de4b39f86417661aa8d7b9e84097999394ee3f6446b64e61a58cd6e9ad29df338c114e82c17ccee4c6d0076c4b1a02e7ad715482c48d0a73d065b1e85d1591bb8806e79d278481e1fcb3cf82f1853c55b1adbb57a1a584f7da1e44cf99592d3a06da0d11e96fdb534b0fa3ba832549aaa39b07134e46b9aa6d0e01187a6ca6c51aec89516e8792af3feb56a7a8f7fea7230a48a1449e7a5704cb3e80aa1ecde115a507a0cce5bc40bef44bca430b7b9de2fc9da8f48f967e5a7177c32a271be33dde2ebd87394beb70cfed8fecb5f220d00729fd0395d36f062634bf3e0699b537a36ea96391da0887f6333d28bdb7cdddb4bd6eea4d13a895e24d7072429c8bb59ea712457b879f3c009f928be1b5bbc904311f7d5979ec116a85e73984f82612f7b8d50908da33d5b90b9c18c99f16be455b8e890a9153275d969980e5bae6dff54d6e639c63e1a2dd1f3056253c8dec5597a9ec196b69d0d3c83e7694c19aff64c8c630a1892d574cc004f8db5523c47f61364e3c12a68b1b6a9d5e0adf1c56df1fa0848d2e495d8de3f76086878aea8fd23352548a1c562406956a7b91116391689690471cd79bc61568995852d85cd088d589957a203eb2f2eb19e8697c0ac5677d41c04da42df89952df616ee0c961becd9a5ce5b6a8aeaf3eb116ab0ca50a6077d50f8caa43dc0da7a0245ade319c79dc7c6b696e8bbcd0d1042fb443691ed1377bc2cfe74d5ef9f21b416ee7342a87a02a1e33104c4ca4e2704996ac49c2b623a41ec53f22d080d58fd77f9fa27f2b55c7e29876caf2fa9b7d581adce549351e9bca5baa8c65283d084d586b25cc808dab33299432e7342ae728ca5b9521b4db4d5f15b9a689018605d5cb58bf78d49ac3f9bcbd6739a75ceff9c7c196f5fedfa18d2df48997017e1e4e593a8e4548b9869d0c9494945c7146cb0b55a1b6017354b8665316c70fc388809dbb08ab395f03dcdb7159a72975efc543ed49d818a763f4de1c4386f95578f0f6e8255d7a33e9369e56f2980262804211797c92bf035ff8db3e100f5eaa039ea6938a0abdc256fdd158b8a21596c32174439274b8639d3ac074b4f84547c0d8beb78d9755db87efa28c2890aff650aeb17c85e6583645f5dd35105ed6a85a512b491349c022572bb4ec3bf90af9685ee523aa24e1ec24eb8e0dd349f731d26f27b38b1d47e38ff0bf97b24e1aee10bd8eae71be687302bf4c65d45dbeae8a7930ee3e9b6862ae0fe679bb24c59bc9da496742878a6893c9ae97928eaec225f6b2d141d2f38b906e16fb80f9b716d4e389f1c1e625a6160116ffd6c99170b60e314065d7ed7e52bf8de89b3b7c1d0dbac376762260497069e941379491a93d37cb23643e0c6655b795cb6eb4ebfab50df6e9a4b1ef2e566e779eea1cd3ae927b82b9c705fc7d0bbea0dc062b5582d82422c44ce0988d7ec906b961f40bd16d83d8503d0227b968d30f0966e62836ecde70cef9e2358eac49208733c98468c487a3907ec9f5cfcf347ce713c97539bef246bb9a5122b015b729a63caa0a44d6cb0b494971d873769c6ef8e5fe7a77f247ea7825189a97166bed3e82d5936a84bab8a92376058502293c19c6dcc341980fa685ab0b0544530ad08c8de8da0c3f56a0e422c83edac8557b53185977a268cd758aa2c4e06a3c54e1a2b4d695bf8897c166f1cd9ff36988de61ccc02dc5898c8b9ec12dd2436545ebba9ba9b87db5656580e39152905e9089bf501c9caf27b210f65ea4bc32fd324858fad981c9a0e3fe62c4ffefc9f927f768533f9c7e36816646413e19b7249a53eb768fe279c521de4f3d2b02c82cde5d99d961a14be0561473a67afda9314f6c8200538239d972c361a8b139c2b5ac25af6d11a760e4c69e2430d376ae504416dda473e75d40fdadfbc719693f703f6047e5c7a67ccc1946ac9d8c8aac0986c48e57df1b71af3f737a8002fc1bb3b0eec9067e0f45777fb3ba7f8711a8ba7a12da322846f3f7b69d42349324735c4b422b46063b3da022df18d5172645c5c9432e6af92f4ad86af6afc055865a9e17e56ffb98e861675f21da9e606d681da9c59178d1084db621262a13855b4aacec1ce373b7ba63996730ccc9cdf3398c77f6f57ba7499deaef9c19c0f8d59c529b2e9317583ac4ab1a2ea54fb2184c3c569110a466704ebfdc187f588f16c1003cf7508f1985e916d87ebea0704d55fc19f1ffd428aaa8b6993f73537b7283fa1d522cde043801f4786319db7b4a58c6d617c614a13bfd5607939f56f214fb8e4bb9fa5fc09e1085e38505df1a40af97a84e0895114b9ad81f7ccce77dec64fa03eb33c560ec2ad31894fbbd56cd7a72918b2c68fc9e150d8f13111d6c0c1a71b4c9db12c199ddc31935ef0c0527339a78795d4eb3c9d6aa751d04242e985a53f96350f768ba12c42bf8e835df2042c0fb6967e439b1cee527e55e9717ec0cdfabae87fc5518f45617931b0a0c75d34f4fe5653dd5be5d1b13e894eafc24e9e1fef39f3a3038bc3737c796aa819fe4fa7067e788866573f844327ae9fbef433620faf52a1ed2ce4dfde76781bc2cb3873f62e7f509d5d21ff6f1767e00c676269cffed7a0f1495efd97c8ff11d2dfacdbe986c3267d81d77c4c6c006f477399864d6393792d7a6022f555ef80957cf9ce29f3e487407f890918cb02cc6bc034a975c915840ff016b9aa341e2c0f43df5dc9fb45e7572c47c2e6da1faa384369ca6ec9decf1be0b2dff0a1cec78c5bf8d505f27c7ccd3b782d582bcacff18ed6a0af8b94fdb7f8a3f2a3bf7cdbaa284f8f55780518cc79f07acf18d11017c6e6e6460225d1216917c6e7c71583595372416c2429ff70d97568de7ffb83e3086f15ae9da96c8f66e16ca4ac1de74ca32efbfda22eb0bf7f96fcbe7192876a7d412cec2f3ed88047a021bd21501e8fde6c585a30141cade9e6edce66b755620507551b2aefc14dd1c971ce30a8685579184aaaf242144c3327e5c541345322d9888cd5a09d78937e2f211b4ecbb3700eac0a48dc26fbe18a2ef351f05bfea1f757080f7f7791f8524ec398bf0dbf841347db4fcb17cbe26214cc32f34906c539c5866284d6fa9616e5e48603f3e471b3e64f57b4ac0f591db7a500cd8a97032d0684cc08d18c8da68a70b01878cbd68369ce3af68af93530fb9cdec373f116de3badde06d5ca37372b64e836eee62c6033a637a84740bd738e56aac7c1aae63b075235b63a79eb89aec62ee5f1a6c7d7899c8c48396e12f2b9f6b6c3d5b14cfa31f56a0ae2e31fef8a6884d489c95eb9bb2174eb127fce0f77ea1a38ffb8b8efcbfa1fc05655fcefb3b7a6d0a9c2194d03e8c604b319b81396778575cb9fe3e79f1d3e0b394939d1180b7bcaa2bae5363cdfd0d2e8ec2e79a66ce78c4f4e286e57b0502de4e3f434558af9ff6a49bbe973fa463ac63a4435a164475736b46489c76e8b5d573baf1ebc044dc72ffc09df8323a9cddbe514bef2eb53607f8e3d1c230117cf64d3bcc7426e656e8ba101a26981ee2b4e394fe82ac3e4700c8e8d8d8312be1e62575505ebcd171ecbcf99292a2fab2f6b82fd2cf9ff09457349cd46d0cf9bc3462df6fa4f210751e267524e65469bb101a29cb2eadf65037f94458b6a93cbb0555f3a15bab86fd6240c69d3c14836767174b0735d0c2f3156415e9a290d75b0b335862ff1ae48fe74f33b5af0b35e4d6133568e05adf369fd40c773eea39d0fe29dcfdd87dc7f26adc2a1aba041151a16d0d85bee3b3577b57b9fdabe77fbd576586ceeee8e379f75e8a4ff039cc4ecba0a656e6473747265616d0a656e646f626a0a362030206f626a3c3c2f547970652f50616765732f436f756e7420322f4b6964735b3720302052203130203020525d3e3e0a656e646f626a0a34372030206f626a3c3c2f547970652f436174616c6f672f50616765732036203020523e3e0a656e646f626a0a34382030206f626a3c3c2f50726f647563657228695465787420322e302e32205c286279206c6f77616769652e636f6d5c29292f4d6f644461746528443a32303137303830313233313034332b303527333027292f4372656174696f6e4461746528443a32303137303830313233313034332b303527333027293e3e0a656e646f626a0a787265660a302034390a303030303030303030302036353533352066200a30303030303030303135203030303030206e200a30303030303133353531203030303030206e200a30303030303133363339203030303030206e200a30303030303133373238203030303030206e200a30303030303132333538203030303030206e200a30303030303438303134203030303030206e200a30303030303133303737203030303030206e200a30303030303137313038203030303030206e200a30303030303133323735203030303030206e200a30303030303133333930203030303030206e200a30303030303230383732203030303030206e200a30303030303231303139203030303030206e200a30303030303231313633203030303030206e200a30303030303231333132203030303030206e200a30303030303231343339203030303030206e200a30303030303231353638203030303030206e200a30303030303231373134203030303030206e200a30303030303231393031203030303030206e200a30303030303232323639203030303030206e200a30303030303232343533203030303030206e200a30303030303232383634203030303030206e200a30303030303233303533203030303030206e200a30303030303233343339203030303030206e200a30303030303233343832203030303030206e200a30303030303233363538203030303030206e200a30303030303233373039203030303030206e200a30303030303233383930203030303030206e200a30303030303234303736203030303030206e200a30303030303234353033203030303030206e200a30303030303234383238203030303030206e200a30303030303235303936203030303030206e200a30303030303235343035203030303030206e200a30303030303235363735203030303030206e200a30303030303235383536203030303030206e200a30303030303236313233203030303030206e200a30303030303237303533203030303030206e200a30303030303237373532203030303030206e200a30303030303238303430203030303030206e200a30303030303238333130203030303030206e200a30303030303238333939203030303030206e200a30303030303334363730203030303030206e200a30303030303334373539203030303030206e200a30303030303339393338203030303030206e200a30303030303430303235203030303030206e200a30303030303432393239203030303030206e200a30303030303433303136203030303030206e200a30303030303438303731203030303030206e200a30303030303438313136203030303030206e200a747261696c65720a3c3c2f526f6f74203437203020522f4944205b3c64646466363137363034393138623634653437656366626136633065643365353e3c32376434333265363665666237613061343937333039306630623432646230363e5d2f496e666f203438203020522f53697a652034393e3e0a7374617274787265660a34383234380a2525454f460a	\N
\.


--
-- Data for Name: resume_deadline; Type: TABLE DATA; Schema: public; Owner: -
--

COPY resume_deadline (deadline) FROM stdin;
\.


--
-- Data for Name: student; Type: TABLE DATA; Schema: public; Owner: -
--

COPY student (sid, name, did, pid, cpi, stage) FROM stdin;
student2	name_student2	department3	program3	8	registered
student3	name_student3	department4	program4	9	registered
student4	name_student4	department5	program5	10	registered
student5	name_student5	department1	program6	6	registered
student6	name_student6	department2	program1	7	registered
student7	name_student7	department3	program2	8	registered
student8	name_student8	department4	program3	9	registered
student9	name_student9	department5	program4	10	registered
student10	name_student10	department1	program5	6	registered
student11	name_student11	department2	program6	7	registered
student12	name_student12	department3	program1	8	registered
student13	name_student13	department4	program2	9	registered
student14	name_student14	department5	program3	10	registered
student15	name_student15	department1	program4	6	registered
student16	name_student16	department2	program5	7	registered
student17	name_student17	department3	program6	8	registered
student18	name_student18	department4	program1	9	registered
student19	name_student19	department5	program2	10	registered
student20	name_student20	department1	program3	6	registered
student1	name_student1	department2	program2	7	jafeligible
\.


--
-- Data for Name: student_jaf; Type: TABLE DATA; Schema: public; Owner: -
--

COPY student_jaf (sid, jid) FROM stdin;
\.


--
-- Data for Name: studentdetails; Type: TABLE DATA; Schema: public; Owner: -
--

COPY studentdetails (sid, univemail, peremail, dob, sex, category, nationality, hosteladdress, contact1, contact2, skypeid, homeaddress, detail12th, detail10th, others) FROM stdin;
student1	\N	\N	2017-11-22	male	Gen	\N	\N	\N	\N	\N	(,,,qwery,)	(,,,)	(,,,)	(,,,)
\.


--
-- Name: company company_pkey; Type: CONSTRAINT; Schema: public; Owner: -
--

ALTER TABLE ONLY company
    ADD CONSTRAINT company_pkey PRIMARY KEY (cid);


--
-- Name: department department_pkey; Type: CONSTRAINT; Schema: public; Owner: -
--

ALTER TABLE ONLY department
    ADD CONSTRAINT department_pkey PRIMARY KEY (did);


--
-- Name: eligibility eligibility_pkey; Type: CONSTRAINT; Schema: public; Owner: -
--

ALTER TABLE ONLY eligibility
    ADD CONSTRAINT eligibility_pkey PRIMARY KEY (jid, cid, deptid, programid);


--
-- Name: ic_company ic_company_pkey; Type: CONSTRAINT; Schema: public; Owner: -
--

ALTER TABLE ONLY ic_company
    ADD CONSTRAINT ic_company_pkey PRIMARY KEY (ic_id, cid);


--
-- Name: ic ic_pkey; Type: CONSTRAINT; Schema: public; Owner: -
--

ALTER TABLE ONLY ic
    ADD CONSTRAINT ic_pkey PRIMARY KEY (ic_id);


--
-- Name: ic_student ic_student_pkey; Type: CONSTRAINT; Schema: public; Owner: -
--

ALTER TABLE ONLY ic_student
    ADD CONSTRAINT ic_student_pkey PRIMARY KEY (ic_id, sid);


--
-- Name: jobs jobs_pkey; Type: CONSTRAINT; Schema: public; Owner: -
--

ALTER TABLE ONLY jobs
    ADD CONSTRAINT jobs_pkey PRIMARY KEY (jid);


--
-- Name: password password_pkey; Type: CONSTRAINT; Schema: public; Owner: -
--

ALTER TABLE ONLY password
    ADD CONSTRAINT password_pkey PRIMARY KEY (id);


--
-- Name: program program_pkey; Type: CONSTRAINT; Schema: public; Owner: -
--

ALTER TABLE ONLY program
    ADD CONSTRAINT program_pkey PRIMARY KEY (pid);


--
-- Name: resume_deadline resume_deadline_pkey; Type: CONSTRAINT; Schema: public; Owner: -
--

ALTER TABLE ONLY resume_deadline
    ADD CONSTRAINT resume_deadline_pkey PRIMARY KEY (deadline);


--
-- Name: resume resume_pkey; Type: CONSTRAINT; Schema: public; Owner: -
--

ALTER TABLE ONLY resume
    ADD CONSTRAINT resume_pkey PRIMARY KEY (rtype, sid);


--
-- Name: student_jaf student_jaf_pkey; Type: CONSTRAINT; Schema: public; Owner: -
--

ALTER TABLE ONLY student_jaf
    ADD CONSTRAINT student_jaf_pkey PRIMARY KEY (sid, jid);


--
-- Name: student student_pkey; Type: CONSTRAINT; Schema: public; Owner: -
--

ALTER TABLE ONLY student
    ADD CONSTRAINT student_pkey PRIMARY KEY (sid);


--
-- Name: studentdetails studentdetails_pkey; Type: CONSTRAINT; Schema: public; Owner: -
--

ALTER TABLE ONLY studentdetails
    ADD CONSTRAINT studentdetails_pkey PRIMARY KEY (sid);


--
-- Name: eligibility eligibility_cid_fkey; Type: FK CONSTRAINT; Schema: public; Owner: -
--

ALTER TABLE ONLY eligibility
    ADD CONSTRAINT eligibility_cid_fkey FOREIGN KEY (cid) REFERENCES company(cid) ON UPDATE CASCADE ON DELETE CASCADE;


--
-- Name: eligibility eligibility_jid_fkey; Type: FK CONSTRAINT; Schema: public; Owner: -
--

ALTER TABLE ONLY eligibility
    ADD CONSTRAINT eligibility_jid_fkey FOREIGN KEY (jid) REFERENCES jobs(jid) ON UPDATE CASCADE ON DELETE CASCADE;


--
-- Name: ic_company ic_company_cid_fkey; Type: FK CONSTRAINT; Schema: public; Owner: -
--

ALTER TABLE ONLY ic_company
    ADD CONSTRAINT ic_company_cid_fkey FOREIGN KEY (cid) REFERENCES company(cid) ON UPDATE CASCADE ON DELETE SET NULL;


--
-- Name: ic_company ic_company_ic_id_fkey; Type: FK CONSTRAINT; Schema: public; Owner: -
--

ALTER TABLE ONLY ic_company
    ADD CONSTRAINT ic_company_ic_id_fkey FOREIGN KEY (ic_id) REFERENCES ic(ic_id) ON UPDATE CASCADE ON DELETE SET NULL;


--
-- Name: ic ic_ic_id_fkey; Type: FK CONSTRAINT; Schema: public; Owner: -
--

ALTER TABLE ONLY ic
    ADD CONSTRAINT ic_ic_id_fkey FOREIGN KEY (ic_id) REFERENCES password(id) ON UPDATE CASCADE ON DELETE SET NULL;


--
-- Name: ic_student ic_student_ic_id_fkey; Type: FK CONSTRAINT; Schema: public; Owner: -
--

ALTER TABLE ONLY ic_student
    ADD CONSTRAINT ic_student_ic_id_fkey FOREIGN KEY (ic_id) REFERENCES ic(ic_id) ON UPDATE CASCADE ON DELETE SET NULL;


--
-- Name: ic_student ic_student_sid_fkey; Type: FK CONSTRAINT; Schema: public; Owner: -
--

ALTER TABLE ONLY ic_student
    ADD CONSTRAINT ic_student_sid_fkey FOREIGN KEY (sid) REFERENCES student(sid) ON UPDATE CASCADE ON DELETE SET NULL;


--
-- Name: jobs jobs_cid_fkey; Type: FK CONSTRAINT; Schema: public; Owner: -
--

ALTER TABLE ONLY jobs
    ADD CONSTRAINT jobs_cid_fkey FOREIGN KEY (cid) REFERENCES company(cid) ON UPDATE CASCADE ON DELETE CASCADE;


--
-- Name: resume resume_sid_fkey; Type: FK CONSTRAINT; Schema: public; Owner: -
--

ALTER TABLE ONLY resume
    ADD CONSTRAINT resume_sid_fkey FOREIGN KEY (sid) REFERENCES student(sid) ON UPDATE CASCADE ON DELETE CASCADE;


--
-- Name: student student_did_fkey; Type: FK CONSTRAINT; Schema: public; Owner: -
--

ALTER TABLE ONLY student
    ADD CONSTRAINT student_did_fkey FOREIGN KEY (did) REFERENCES department(did) ON UPDATE CASCADE ON DELETE SET NULL;


--
-- Name: student_jaf student_jaf_jid_fkey; Type: FK CONSTRAINT; Schema: public; Owner: -
--

ALTER TABLE ONLY student_jaf
    ADD CONSTRAINT student_jaf_jid_fkey FOREIGN KEY (jid) REFERENCES jobs(jid) ON UPDATE CASCADE ON DELETE CASCADE;


--
-- Name: student_jaf student_jaf_sid_fkey; Type: FK CONSTRAINT; Schema: public; Owner: -
--

ALTER TABLE ONLY student_jaf
    ADD CONSTRAINT student_jaf_sid_fkey FOREIGN KEY (sid) REFERENCES student(sid) ON UPDATE CASCADE ON DELETE CASCADE;


--
-- Name: student student_pid_fkey; Type: FK CONSTRAINT; Schema: public; Owner: -
--

ALTER TABLE ONLY student
    ADD CONSTRAINT student_pid_fkey FOREIGN KEY (pid) REFERENCES program(pid) ON UPDATE CASCADE ON DELETE SET NULL;


--
-- Name: student student_sid_fkey; Type: FK CONSTRAINT; Schema: public; Owner: -
--

ALTER TABLE ONLY student
    ADD CONSTRAINT student_sid_fkey FOREIGN KEY (sid) REFERENCES password(id) ON UPDATE CASCADE ON DELETE SET NULL;


--
-- Name: studentdetails studentdetails_sid_fkey; Type: FK CONSTRAINT; Schema: public; Owner: -
--

ALTER TABLE ONLY studentdetails
    ADD CONSTRAINT studentdetails_sid_fkey FOREIGN KEY (sid) REFERENCES student(sid) ON UPDATE CASCADE ON DELETE CASCADE;


--
-- PostgreSQL database dump complete
--

